missed packet number, sample offset, latency (ms), sample
-15, 0, 0.0, 0111 1110 1111 1110
-15, 1, 0.001, 0000 0001 1000 0001
-15, 21, 0.021, 0000 0001 0000 0001
-15, 63, 0.063, 0111 1110 0111 1110
-15, 330, 0.33, 0111 1110 1111 1110
-15, 671, 0.671, 0111 1110 0111 1110
-15, 1431, 1.431, 0111 1110 1111 1110
-15, 1813, 1.813, 0111 1110 0111 1110
-15, 2620, 2.62, 0111 1110 1111 1110
-15, 2855, 2.855, 0111 1110 0111 1110
-15, 3707, 3.707, 0111 1110 1111 1110
-15, 4008, 4.008, 0111 1110 0111 1110
-50, 0, 0.0, 0000 0001 0000 0001
-50, 20, 0.02, 0000 0001 1000 0001
-50, 104, 0.104, 0111 1110 1111 1110
-50, 418, 0.418, 0111 1110 0111 1110
-50, 752, 0.752, 0111 1110 1111 1110
-50, 1453, 1.453, 0111 1110 0111 1110
-50, 1725, 1.725, 0111 1110 1111 1110
-50, 2407, 2.407, 0111 1110 0111 1110
-50, 2660, 2.66, 0111 1110 1111 1110
-50, 3355, 3.355, 0111 1110 0111 1110
-50, 3502, 3.502, 0111 1110 1111 1110
-50, 4069, 4.069, 0111 1110 0111 1110
-50, 4096, 4.096, 0000 0001 0000 0001
-50, 4116, 4.116, 0000 0001 1000 0001
-50, 4200, 4.2, 0111 1110 1111 1110
-53, 0, 0.0, 0111 1110 1111 1110
-53, 1, 0.001, 0000 0001 1000 0001
-53, 21, 0.021, 0000 0001 0000 0001
-53, 60, 0.06, 0111 1110 0111 1110
-53, 274, 0.274, 0111 1110 1111 1110
-53, 590, 0.59, 0111 1110 0111 1110
-53, 1137, 1.137, 0111 1110 1111 1110
-53, 1391, 1.391, 0111 1110 0111 1110
-53, 1960, 1.96, 0111 1110 1111 1110
-53, 2176, 2.176, 0111 1110 0111 1110
-53, 2804, 2.804, 0111 1110 1111 1110
-53, 3015, 3.015, 0111 1110 0111 1110
-53, 3662, 3.662, 0111 1110 1111 1110
-53, 3909, 3.909, 0111 1110 0111 1110
-72, 0, 0.0, 0111 1110 0111 1110
-72, 1, 0.001, 0000 0001 0000 0001
-72, 21, 0.021, 0000 0001 1000 0001
-72, 135, 0.135, 0111 1110 1111 1110
-72, 589, 0.589, 0111 1110 0111 1110
-72, 937, 0.937, 0111 1110 1111 1110
-72, 1533, 1.533, 0111 1110 0111 1110
-72, 1776, 1.776, 0111 1110 1111 1110
-72, 2422, 2.422, 0111 1110 0111 1110
-72, 2630, 2.63, 0111 1110 1111 1110
-72, 3323, 3.323, 0111 1110 0111 1110
-72, 3468, 3.468, 0111 1110 1111 1110
-72, 3956, 3.956, 0111 1110 0111 1110
-72, 4097, 4.097, 0000 0001 0000 0001
-72, 4117, 4.117, 0000 0001 1000 0001
-72, 4231, 4.231, 0111 1110 1111 1110
-87, 0, 0.0, 0111 1110 1111 1110
-87, 1, 0.001, 0000 0001 1000 0001
-87, 20, 0.02, 0000 0001 0000 0001
-87, 74, 0.074, 0111 1110 0111 1110
-87, 322, 0.322, 0111 1110 1111 1110
-87, 637, 0.637, 0111 1110 0111 1110
-87, 1206, 1.206, 0111 1110 1111 1110
-87, 1461, 1.461, 0111 1110 0111 1110
-87, 2144, 2.144, 0111 1110 1111 1110
-87, 2357, 2.357, 0111 1110 0111 1110
-87, 3095, 3.095, 0111 1110 1111 1110
-87, 3273, 3.273, 0111 1110 0111 1110
-87, 3819, 3.819, 0111 1110 1111 1110
-87, 4097, 4.097, 0000 0001 1000 0001
-87, 4116, 4.116, 0000 0001 0000 0001
-87, 4156, 4.156, 0111 1110 0111 1110
-87, 1180665, 1180.665, 0000 0000 0000 0000
-87, 1184761, 1184.761, 0111 1110 0111 1110
-87, 1185845, 1185.845, 0000 0000 0000 0000
-87, 1189941, 1189.941, 0111 1110 0111 1110
-88, 0, 0.0, 0111 1110 0111 1110
-88, 1, 0.001, 0000 0001 0000 0001
-88, 21, 0.021, 0000 0001 1000 0001
-88, 91, 0.091, 0111 1110 1111 1110
-88, 403, 0.403, 0111 1110 0111 1110
-88, 755, 0.755, 0111 1110 1111 1110
-88, 1407, 1.407, 0111 1110 0111 1110
-88, 1663, 1.663, 0111 1110 1111 1110
-88, 2296, 2.296, 0111 1110 0111 1110
-88, 2508, 2.508, 0111 1110 1111 1110
-88, 3193, 3.193, 0111 1110 0111 1110
-88, 3353, 3.353, 0111 1110 1111 1110
-88, 3820, 3.82, 0111 1110 0111 1110
-88, 4097, 4.097, 0000 0001 0000 0001
-88, 4117, 4.117, 0000 0001 1000 0001
-88, 4143, 4.143, 0111 1110 1111 1110
-96, 0, 0.0, 1111 1110 1111 1110
-96, 1, 0.001, 1000 0001 1000 0001
-96, 21, 0.021, 1000 0001 0000 0001
-96, 84, 0.084, 1111 1110 0111 1110
-96, 322, 0.322, 1111 1110 1111 1110
-96, 646, 0.646, 1111 1110 0111 1110
-96, 1236, 1.236, 1111 1110 1111 1110
-96, 1521, 1.521, 1111 1110 0111 1110
-96, 2163, 2.163, 1111 1110 1111 1110
-96, 2396, 2.396, 1111 1110 0111 1110
-96, 3069, 3.069, 1111 1110 1111 1110
-96, 3261, 3.261, 1111 1110 0111 1110
-96, 3774, 3.774, 1111 1110 1111 1110
-96, 4097, 4.097, 1000 0001 1000 0001
-96, 4117, 4.117, 1000 0001 0000 0001
-96, 4136, 4.136, 1111 1110 0111 1110
-99, 0, 0.0, 1111 1110 0111 1110
-99, 1, 0.001, 1000 0001 0000 0001
-99, 20, 0.02, 1000 0001 1000 0001
-99, 253, 0.253, 1111 1110 1111 1110
-99, 622, 0.622, 1111 1110 0111 1110
-99, 1007, 1.007, 1111 1110 1111 1110
-99, 1803, 1.803, 1111 1110 0111 1110
-99, 2027, 2.027, 1111 1110 1111 1110
-99, 2707, 2.707, 1111 1110 0111 1110
-99, 2709, 2.709, 1111 1110 1111 1110
-99, 2710, 2.71, 1111 1110 0111 1110
-99, 2893, 2.893, 1111 1110 1111 1110
-99, 3482, 3.482, 1111 1110 0111 1110
-99, 3768, 3.768, 1111 1110 1111 1110
-100, 0, 0.0, 1111 1110 1111 1110
-100, 1, 0.001, 1000 0001 1000 0001
-100, 21, 0.021, 1000 0001 0000 0001
-100, 94, 0.094, 1111 1110 0111 1110
-100, 310, 0.31, 1111 1110 1111 1110
-100, 623, 0.623, 1111 1110 0111 1110
-100, 1166, 1.166, 1111 1110 1111 1110
-100, 1420, 1.42, 1111 1110 0111 1110
-100, 2138, 2.138, 1111 1110 1111 1110
-100, 2373, 2.373, 1111 1110 0111 1110
-100, 3008, 3.008, 1111 1110 1111 1110
-100, 3170, 3.17, 1111 1110 0111 1110
-100, 3713, 3.713, 1111 1110 1111 1110
-100, 3956, 3.956, 1111 1110 0111 1110
-122, 0, 0.0, 0111 1110 0111 1110
-122, 1, 0.001, 0000 0001 0000 0001
-122, 21, 0.021, 0000 0001 1000 0001
-122, 88, 0.088, 0111 1110 1111 1110
-122, 290, 0.29, 0111 1110 0111 1110
-122, 603, 0.603, 0111 1110 1111 1110
-122, 1184, 1.184, 0111 1110 0111 1110
-122, 1466, 1.466, 0111 1110 1111 1110
-122, 2043, 2.043, 0111 1110 0111 1110
-122, 2261, 2.261, 0111 1110 1111 1110
-122, 2911, 2.911, 0111 1110 0111 1110
-122, 3088, 3.088, 0111 1110 1111 1110
-122, 3726, 3.726, 0111 1110 0111 1110
-122, 3885, 3.885, 0111 1110 1111 1110
-125, 0, 0.0, 0111 1110 1111 1110
-125, 1, 0.001, 0000 0001 1000 0001
-125, 21, 0.021, 0000 0001 0000 0001
-125, 61, 0.061, 0111 1110 0111 1110
-125, 264, 0.264, 0111 1110 1111 1110
-125, 575, 0.575, 0111 1110 0111 1110
-125, 1132, 1.132, 0111 1110 1111 1110
-125, 1397, 1.397, 0111 1110 0111 1110
-125, 1965, 1.965, 0111 1110 1111 1110
-125, 2191, 2.191, 0111 1110 0111 1110
-125, 2812, 2.812, 0111 1110 1111 1110
-125, 2995, 2.995, 0111 1110 0111 1110
-125, 3655, 3.655, 0111 1110 1111 1110
-125, 3794, 3.794, 0111 1110 0111 1110
-147, 0, 0.0, 1111 1110 0111 1110
-147, 1, 0.001, 1000 0001 0000 0001
-147, 20, 0.02, 1000 0001 1000 0001
-147, 68, 0.068, 1111 1110 1111 1110
-147, 293, 0.293, 1111 1110 0111 1110
-147, 621, 0.621, 1111 1110 1111 1110
-147, 1207, 1.207, 1111 1110 0111 1110
-147, 1215, 1.215, 1111 1110 1111 1110
-147, 1221, 1.221, 1111 1110 0111 1110
-147, 1495, 1.495, 1111 1110 1111 1110
-147, 2138, 2.138, 1111 1110 0111 1110
-147, 2371, 2.371, 1111 1110 1111 1110
-147, 3080, 3.08, 1111 1110 0111 1110
-147, 3273, 3.273, 1111 1110 1111 1110
-147, 3808, 3.808, 1111 1110 0111 1110
-147, 4097, 4.097, 1000 0001 0000 0001
-147, 4116, 4.116, 1000 0001 1000 0001
-147, 4163, 4.163, 1111 1110 1111 1110
-187, 0, 0.0, 0111 1110 1111 1110
-187, 1, 0.001, 0000 0001 1000 0001
-187, 21, 0.021, 0000 0001 0000 0001
-187, 123, 0.123, 0111 1110 0111 1110
-187, 400, 0.4, 0111 1110 1111 1110
-187, 779, 0.779, 0111 1110 0111 1110
-187, 1423, 1.423, 0111 1110 1111 1110
-187, 1662, 1.662, 0111 1110 0111 1110
-187, 2265, 2.265, 0111 1110 1111 1110
-187, 2459, 2.459, 0111 1110 0111 1110
-187, 3103, 3.103, 0111 1110 1111 1110
-187, 3265, 3.265, 0111 1110 0111 1110
-187, 3729, 3.729, 0111 1110 1111 1110
-187, 4062, 4.062, 0111 1110 0111 1110
-189, 0, 0.0, 1111 1110 0111 1110
-189, 1, 0.001, 1000 0001 0000 0001
-189, 21, 0.021, 1000 0001 1000 0001
-189, 142, 0.142, 1111 1110 1111 1110
-189, 473, 0.473, 1111 1110 0111 1110
-189, 762, 0.762, 1111 1110 1111 1110
-189, 1317, 1.317, 1111 1110 0111 1110
-189, 1564, 1.564, 1111 1110 1111 1110
-189, 2187, 2.187, 1111 1110 0111 1110
-189, 2384, 2.384, 1111 1110 1111 1110
-189, 3047, 3.047, 1111 1110 0111 1110
-189, 3211, 3.211, 1111 1110 1111 1110
-189, 3677, 3.677, 1111 1110 0111 1110
-189, 4039, 4.039, 1111 1110 1111 1110
-199, 0, 0.0, 0111 1110 1111 1110
-199, 1, 0.001, 0000 0001 1000 0001
-199, 21, 0.021, 0000 0001 0000 0001
-199, 78, 0.078, 0111 1110 0111 1110
-199, 284, 0.284, 0111 1110 1111 1110
-199, 597, 0.597, 0111 1110 0111 1110
-199, 1137, 1.137, 0111 1110 1111 1110
-199, 1397, 1.397, 0111 1110 0111 1110
-199, 1959, 1.959, 0111 1110 1111 1110
-199, 2183, 2.183, 0111 1110 0111 1110
-199, 2819, 2.819, 0111 1110 1111 1110
-199, 3001, 3.001, 0111 1110 0111 1110
-199, 3685, 3.685, 0111 1110 1111 1110
-199, 3822, 3.822, 0111 1110 0111 1110
-217, 0, 0.0, 1111 1110 0111 1110
-217, 1, 0.001, 1000 0001 0000 0001
-217, 21, 0.021, 1000 0001 1000 0001
-217, 71, 0.071, 1111 1110 1111 1110
-217, 308, 0.308, 1111 1110 0111 1110
-217, 627, 0.627, 1111 1110 1111 1110
-217, 1225, 1.225, 1111 1110 0111 1110
-217, 1516, 1.516, 1111 1110 1111 1110
-217, 2169, 2.169, 1111 1110 0111 1110
-217, 2403, 2.403, 1111 1110 1111 1110
-217, 3088, 3.088, 1111 1110 0111 1110
-217, 3277, 3.277, 1111 1110 1111 1110
-217, 3768, 3.768, 1111 1110 0111 1110
-217, 4097, 4.097, 1000 0001 0000 0001
-217, 4117, 4.117, 1000 0001 1000 0001
-217, 4120, 4.12, 1111 1110 1111 1110
-231, 0, 0.0, 0111 1110 1111 1110
-231, 1, 0.001, 0000 0001 1000 0001
-231, 21, 0.021, 0000 0001 0000 0001
-231, 63, 0.063, 0111 1110 0111 1110
-231, 279, 0.279, 0111 1110 1111 1110
-231, 589, 0.589, 0111 1110 0111 1110
-231, 1146, 1.146, 0111 1110 1111 1110
-231, 1435, 1.435, 0111 1110 0111 1110
-231, 2064, 2.064, 0111 1110 1111 1110
-231, 2325, 2.325, 0111 1110 0111 1110
-231, 3024, 3.024, 0111 1110 1111 1110
-231, 3027, 3.027, 0111 1110 0111 1110
-231, 3028, 3.028, 0111 1110 1111 1110
-231, 3232, 3.232, 0111 1110 0111 1110
-231, 3872, 3.872, 0111 1110 1111 1110
-231, 4097, 4.097, 0000 0001 1000 0001
-231, 4117, 4.117, 0000 0001 0000 0001
-231, 4159, 4.159, 0111 1110 0111 1110
-262, 0, 0.0, 0111 1110 0111 1110
-262, 1, 0.001, 0000 0001 0000 0001
-262, 21, 0.021, 0000 0001 1000 0001
-262, 92, 0.092, 0111 1110 1111 1110
-262, 343, 0.343, 0111 1110 0111 1110
-262, 737, 0.737, 0111 1110 1111 1110
-262, 1452, 1.452, 0111 1110 0111 1110
-262, 1719, 1.719, 0111 1110 1111 1110
-262, 2422, 2.422, 0111 1110 0111 1110
-262, 2630, 2.63, 0111 1110 1111 1110
-262, 3330, 3.33, 0111 1110 0111 1110
-262, 3480, 3.48, 0111 1110 1111 1110
-262, 4010, 4.01, 0111 1110 0111 1110
-262, 4097, 4.097, 0000 0001 0000 0001
-262, 4117, 4.117, 0000 0001 1000 0001
-262, 4188, 4.188, 0111 1110 1111 1110
-264, 0, 0.0, 1111 1110 1111 1110
-264, 1, 0.001, 1000 0001 1000 0001
-264, 21, 0.021, 1000 0001 0000 0001
-264, 69, 0.069, 1111 1110 0111 1110
-264, 426, 0.426, 1111 1110 1111 1110
-264, 820, 0.82, 1111 1110 0111 1110
-264, 1774, 1.774, 1111 1110 1111 1110
-264, 2006, 2.006, 1111 1110 0111 1110
-264, 2617, 2.617, 1111 1110 1111 1110
-264, 2819, 2.819, 1111 1110 0111 1110
-264, 3484, 3.484, 1111 1110 1111 1110
-264, 3634, 3.634, 1111 1110 0111 1110
-264, 4107, 4.107, 1000 0001 1000 0001
-264, 4117, 4.117, 1000 0001 0000 0001
-264, 4165, 4.165, 1111 1110 0111 1110
-266, 0, 0.0, 0111 1110 0111 1110
-266, 1, 0.001, 0000 0001 0000 0001
-266, 59, 0.059, 0111 1110 0111 1110
-266, 227, 0.227, 0111 1110 1111 1110
-266, 261, 0.261, 0111 1110 0111 1110
-266, 564, 0.564, 0111 1110 1111 1110
-266, 1123, 1.123, 0111 1110 0111 1110
-266, 1391, 1.391, 0111 1110 1111 1110
-266, 2043, 2.043, 0111 1110 0111 1110
-266, 2271, 2.271, 0111 1110 1111 1110
-266, 2924, 2.924, 0111 1110 0111 1110
-266, 3086, 3.086, 0111 1110 1111 1110
-266, 3600, 3.6, 0111 1110 0111 1110
-266, 3909, 3.909, 0111 1110 1111 1110
-268, 0, 0.0, 1111 1110 1111 1110
-268, 1, 0.001, 1000 0001 1000 0001
-268, 21, 0.021, 1000 0001 0000 0001
-268, 78, 0.078, 1111 1110 0111 1110
-268, 325, 0.325, 1111 1110 1111 1110
-268, 644, 0.644, 1111 1110 0111 1110
-268, 1305, 1.305, 1111 1110 1111 1110
-268, 1574, 1.574, 1111 1110 0111 1110
-268, 2330, 2.33, 1111 1110 1111 1110
-268, 2555, 2.555, 1111 1110 0111 1110
-268, 3292, 3.292, 1111 1110 1111 1110
-268, 3459, 3.459, 1111 1110 0111 1110
-268, 4031, 4.031, 1111 1110 1111 1110
-268, 4097, 4.097, 1000 0001 1000 0001
-268, 4117, 4.117, 1000 0001 0000 0001
-268, 4174, 4.174, 1111 1110 0111 1110
-271, 0, 0.0, 1111 1110 0111 1110
-271, 1, 0.001, 1000 0001 0000 0001
-271, 66, 0.066, 1111 1110 0111 1110
-271, 265, 0.265, 1111 1110 1111 1110
-271, 333, 0.333, 1111 1110 0111 1110
-271, 668, 0.668, 1111 1110 1111 1110
-271, 1329, 1.329, 1111 1110 0111 1110
-271, 1621, 1.621, 1111 1110 1111 1110
-271, 2315, 2.315, 1111 1110 0111 1110
-271, 2541, 2.541, 1111 1110 1111 1110
-271, 3271, 3.271, 1111 1110 0111 1110
-271, 3474, 3.474, 1111 1110 1111 1110
-271, 4032, 4.032, 1111 1110 0111 1110
-271, 4097, 4.097, 1000 0001 0000 0001
-271, 4162, 4.162, 1111 1110 0111 1110
-271, 4361, 4.361, 1111 1110 1111 1110
-273, 0, 0.0, 0111 1110 1111 1110
-273, 1, 0.001, 0000 0001 1000 0001
-273, 20, 0.02, 0000 0001 0000 0001
-273, 75, 0.075, 0111 1110 0111 1110
-273, 337, 0.337, 0111 1110 1111 1110
-273, 666, 0.666, 0111 1110 0111 1110
-273, 1279, 1.279, 0111 1110 1111 1110
-273, 1561, 1.561, 0111 1110 0111 1110
-273, 2196, 2.196, 0111 1110 1111 1110
-273, 2427, 2.427, 0111 1110 0111 1110
-273, 3090, 3.09, 0111 1110 1111 1110
-273, 3280, 3.28, 0111 1110 0111 1110
-273, 3810, 3.81, 0111 1110 1111 1110
-273, 4097, 4.097, 0000 0001 1000 0001
-273, 4116, 4.116, 0000 0001 0000 0001
-273, 4166, 4.166, 0111 1110 0111 1110
-273, 417387, 417.387, 0000 0000 0000 0000
-273, 421483, 421.483, 0111 1110 0111 1110
-275, 0, 0.0, 1000 0001 0000 0001
-275, 20, 0.02, 1000 0001 1000 0001
-275, 80, 0.08, 1111 1110 1111 1110
-275, 292, 0.292, 1111 1110 0111 1110
-275, 612, 0.612, 1111 1110 1111 1110
-275, 1210, 1.21, 1111 1110 0111 1110
-275, 1465, 1.465, 1111 1110 1111 1110
-275, 2150, 2.15, 1111 1110 0111 1110
-275, 2368, 2.368, 1111 1110 1111 1110
-275, 3085, 3.085, 1111 1110 0111 1110
-275, 3274, 3.274, 1111 1110 1111 1110
-275, 3845, 3.845, 1111 1110 0111 1110
-275, 4096, 4.096, 1000 0001 0000 0001
-275, 4116, 4.116, 1000 0001 1000 0001
-275, 4176, 4.176, 1111 1110 1111 1110
-280, 0, 0.0, 1111 1110 1111 1110
-280, 1, 0.001, 1000 0001 1000 0001
-280, 21, 0.021, 1000 0001 0000 0001
-280, 72, 0.072, 1111 1110 0111 1110
-280, 310, 0.31, 1111 1110 1111 1110
-280, 633, 0.633, 1111 1110 0111 1110
-280, 1226, 1.226, 1111 1110 1111 1110
-280, 1498, 1.498, 1111 1110 0111 1110
-280, 2144, 2.144, 1111 1110 1111 1110
-280, 2370, 2.37, 1111 1110 0111 1110
-280, 3055, 3.055, 1111 1110 1111 1110
-280, 3233, 3.233, 1111 1110 0111 1110
-280, 3751, 3.751, 1111 1110 1111 1110
-280, 4097, 4.097, 1000 0001 1000 0001
-280, 4117, 4.117, 1000 0001 0000 0001
-280, 4118, 4.118, 1111 1110 0111 1110
-281, 0, 0.0, 1111 1110 0111 1110
-281, 1, 0.001, 1000 0001 0000 0001
-281, 21, 0.021, 1000 0001 1000 0001
-281, 158, 0.158, 1111 1110 1111 1110
-281, 530, 0.53, 1111 1110 0111 1110
-281, 818, 0.818, 1111 1110 1111 1110
-281, 1365, 1.365, 1111 1110 0111 1110
-281, 1617, 1.617, 1111 1110 1111 1110
-281, 2199, 2.199, 1111 1110 0111 1110
-281, 2400, 2.4, 1111 1110 1111 1110
-281, 3161, 3.161, 1111 1110 0111 1110
-281, 3311, 3.311, 1111 1110 1111 1110
-281, 3797, 3.797, 1111 1110 0111 1110
-281, 4097, 4.097, 1000 0001 0000 0001
-281, 4117, 4.117, 1000 0001 1000 0001
-281, 4138, 4.138, 1111 1110 1111 1110
-299, 0, 0.0, 0111 1110 1111 1110
-299, 1, 0.001, 0000 0001 1000 0001
-299, 77, 0.077, 0000 0001 0000 0001
-299, 126, 0.126, 0111 1110 0111 1110
-299, 400, 0.4, 0111 1110 1111 1110
-299, 764, 0.764, 0111 1110 0111 1110
-299, 1581, 1.581, 0111 1110 1111 1110
-299, 1894, 1.894, 0111 1110 0111 1110
-299, 2485, 2.485, 0111 1110 1111 1110
-299, 2690, 2.69, 0111 1110 0111 1110
-299, 3410, 3.41, 0111 1110 1111 1110
-299, 3551, 3.551, 0111 1110 0111 1110
-299, 4029, 4.029, 0111 1110 1111 1110
-299, 4097, 4.097, 0000 0001 1000 0001
-299, 4173, 4.173, 0000 0001 0000 0001
-299, 4222, 4.222, 0111 1110 0111 1110
-332, 0, 0.0, 0111 1110 0111 1110
-332, 1, 0.001, 0000 0001 0000 0001
-332, 21, 0.021, 0000 0001 1000 0001
-332, 60, 0.06, 0111 1110 1111 1110
-332, 257, 0.257, 0111 1110 0111 1110
-332, 581, 0.581, 0111 1110 1111 1110
-332, 1124, 1.124, 0111 1110 0111 1110
-332, 1395, 1.395, 0111 1110 1111 1110
-332, 2044, 2.044, 0111 1110 0111 1110
-332, 2267, 2.267, 0111 1110 1111 1110
-332, 2968, 2.968, 0111 1110 0111 1110
-332, 3156, 3.156, 0111 1110 1111 1110
-332, 3812, 3.812, 0111 1110 0111 1110
-332, 3981, 3.981, 0111 1110 1111 1110
-332, 186487, 186.487, 0111 1110 0111 1110
-332, 187070, 187.07, 0111 1110 1111 1110
-332, 187271, 187.271, 0111 1110 0111 1110
-332, 187978, 187.978, 0111 1110 1111 1110
-332, 188165, 188.165, 0111 1110 0111 1110
-332, 188692, 188.692, 0111 1110 1111 1110
-332, 189004, 189.004, 0111 1110 0111 1110
-332, 189543, 189.543, 0111 1110 1111 1110
-332, 189821, 189.821, 0111 1110 0111 1110
-332, 190393, 190.393, 0111 1110 1111 1110
-332, 190583, 190.583, 0111 1110 0111 1110
-333, 0, 0.0, 0111 1110 0111 1110
-333, 1, 0.001, 0000 0001 0000 0001
-333, 21, 0.021, 0000 0001 1000 0001
-333, 102, 0.102, 0111 1110 1111 1110
-333, 381, 0.381, 0111 1110 0111 1110
-333, 724, 0.724, 0111 1110 1111 1110
-333, 1402, 1.402, 0111 1110 0111 1110
-333, 1667, 1.667, 0111 1110 1111 1110
-333, 2298, 2.298, 0111 1110 0111 1110
-333, 2498, 2.498, 0111 1110 1111 1110
-333, 3176, 3.176, 0111 1110 0111 1110
-333, 3340, 3.34, 0111 1110 1111 1110
-333, 3819, 3.819, 0111 1110 0111 1110
-333, 4097, 4.097, 0000 0001 0000 0001
-333, 4117, 4.117, 0000 0001 1000 0001
-333, 4171, 4.171, 0111 1110 1111 1110
-354, 0, 0.0, 0111 1110 1111 1110
-354, 1, 0.001, 0000 0001 1000 0001
-354, 20, 0.02, 0000 0001 0000 0001
-354, 97, 0.097, 0111 1110 0111 1110
-354, 319, 0.319, 0111 1110 1111 1110
-354, 625, 0.625, 0111 1110 0111 1110
-354, 1236, 1.236, 0111 1110 1111 1110
-354, 1491, 1.491, 0111 1110 0111 1110
-354, 2163, 2.163, 0111 1110 1111 1110
-354, 2390, 2.39, 0111 1110 0111 1110
-354, 3113, 3.113, 0111 1110 1111 1110
-354, 3374, 3.374, 0111 1110 0111 1110
-354, 3892, 3.892, 0111 1110 1111 1110
-354, 4097, 4.097, 0000 0001 1000 0001
-354, 4116, 4.116, 0000 0001 0000 0001
-354, 4193, 4.193, 0111 1110 0111 1110
-358, 0, 0.0, 1111 1110 0111 1110
-358, 1, 0.001, 1000 0001 0000 0001
-358, 21, 0.021, 1000 0001 1000 0001
-358, 59, 0.059, 1111 1110 1111 1110
-358, 279, 0.279, 1111 1110 0111 1110
-358, 595, 0.595, 1111 1110 1111 1110
-358, 1194, 1.194, 1111 1110 0111 1110
-358, 1477, 1.477, 1111 1110 1111 1110
-358, 2062, 2.062, 1111 1110 0111 1110
-358, 2278, 2.278, 1111 1110 1111 1110
-358, 2903, 2.903, 1111 1110 0111 1110
-358, 3073, 3.073, 1111 1110 1111 1110
-358, 3725, 3.725, 1111 1110 0111 1110
-358, 3867, 3.867, 1111 1110 1111 1110
-378, 0, 0.0, 0111 1110 1111 1110
-378, 1, 0.001, 0000 0001 1000 0001
-378, 20, 0.02, 0000 0001 0000 0001
-378, 61, 0.061, 0111 1110 0111 1110
-378, 267, 0.267, 0111 1110 1111 1110
-378, 619, 0.619, 0111 1110 0111 1110
-378, 1285, 1.285, 0111 1110 1111 1110
-378, 1536, 1.536, 0111 1110 0111 1110
-378, 2121, 2.121, 0111 1110 1111 1110
-378, 2340, 2.34, 0111 1110 0111 1110
-378, 2967, 2.967, 0111 1110 1111 1110
-378, 3147, 3.147, 0111 1110 0111 1110
-378, 3696, 3.696, 0111 1110 1111 1110
-378, 3971, 3.971, 0111 1110 0111 1110
-410, 0, 0.0, 1111 1110 0111 1110
-410, 1, 0.001, 1000 0001 0000 0001
-410, 20, 0.02, 1000 0001 1000 0001
-410, 101, 0.101, 1111 1110 1111 1110
-410, 350, 0.35, 1111 1110 0111 1110
-410, 666, 0.666, 1111 1110 1111 1110
-410, 1272, 1.272, 1111 1110 0111 1110
-410, 1537, 1.537, 1111 1110 1111 1110
-410, 2185, 2.185, 1111 1110 0111 1110
-410, 2414, 2.414, 1111 1110 1111 1110
-410, 3121, 3.121, 1111 1110 0111 1110
-410, 3303, 3.303, 1111 1110 1111 1110
-410, 3820, 3.82, 1111 1110 0111 1110
-410, 4097, 4.097, 1000 0001 0000 0001
-410, 4116, 4.116, 1000 0001 1000 0001
-410, 4147, 4.147, 1111 1110 1111 1110
-410, 1142446, 1142.446, 0000 0000 0000 0000
-410, 1146542, 1146.542, 1111 1110 1111 1110
-410, 1151084, 1151.084, 0000 0000 0000 0000
-410, 1155180, 1155.18, 1111 1110 1111 1110
-410, 1158395, 1158.395, 0000 0000 0000 0000
-410, 1162491, 1162.491, 1111 1110 1111 1110
-430, 0, 0.0, 0000 0001 1000 0001
-430, 20, 0.02, 0000 0001 0000 0001
-430, 63, 0.063, 0111 1110 0111 1110
-430, 289, 0.289, 0111 1110 1111 1110
-430, 601, 0.601, 0111 1110 0111 1110
-430, 1216, 1.216, 0111 1110 1111 1110
-430, 1490, 1.49, 0111 1110 0111 1110
-430, 2108, 2.108, 0111 1110 1111 1110
-430, 2330, 2.33, 0111 1110 0111 1110
-430, 2978, 2.978, 0111 1110 1111 1110
-430, 3154, 3.154, 0111 1110 0111 1110
-430, 3660, 3.66, 0111 1110 1111 1110
-430, 3997, 3.997, 0111 1110 0111 1110
-434, 0, 0.0, 1111 1110 0111 1110
-434, 1, 0.001, 1000 0001 0000 0001
-434, 21, 0.021, 1000 0001 1000 0001
-434, 87, 0.087, 1111 1110 1111 1110
-434, 341, 0.341, 1111 1110 0111 1110
-434, 636, 0.636, 1111 1110 1111 1110
-434, 1171, 1.171, 1111 1110 0111 1110
-434, 1172, 1.172, 1111 1110 1111 1110
-434, 1189, 1.189, 1111 1110 0111 1110
-434, 1444, 1.444, 1111 1110 1111 1110
-434, 2065, 2.065, 1111 1110 0111 1110
-434, 2276, 2.276, 1111 1110 1111 1110
-434, 2913, 2.913, 1111 1110 0111 1110
-434, 3092, 3.092, 1111 1110 1111 1110
-434, 3730, 3.73, 1111 1110 0111 1110
-434, 3899, 3.899, 1111 1110 1111 1110
-444, 0, 0.0, 0111 1110 1111 1110
-444, 1, 0.001, 0000 0001 1000 0001
-444, 21, 0.021, 0000 0001 0000 0001
-444, 59, 0.059, 0111 1110 0111 1110
-444, 272, 0.272, 0111 1110 1111 1110
-444, 585, 0.585, 0111 1110 0111 1110
-444, 1120, 1.12, 0111 1110 1111 1110
-444, 1379, 1.379, 0111 1110 0111 1110
-444, 1940, 1.94, 0111 1110 1111 1110
-444, 1943, 1.943, 0111 1110 0111 1110
-444, 1944, 1.944, 0111 1110 1111 1110
-444, 2163, 2.163, 0111 1110 0111 1110
-444, 2786, 2.786, 0111 1110 1111 1110
-444, 2969, 2.969, 0111 1110 0111 1110
-444, 3654, 3.654, 0111 1110 1111 1110
-444, 3795, 3.795, 0111 1110 0111 1110
-447, 0, 0.0, 0111 1110 0111 1110
-447, 1, 0.001, 0000 0001 0000 0001
-447, 20, 0.02, 0000 0001 1000 0001
-447, 76, 0.076, 0111 1110 1111 1110
-447, 417, 0.417, 0111 1110 0111 1110
-447, 780, 0.78, 0111 1110 1111 1110
-447, 1498, 1.498, 0111 1110 0111 1110
-447, 1729, 1.729, 0111 1110 1111 1110
-447, 2353, 2.353, 0111 1110 0111 1110
-447, 2545, 2.545, 0111 1110 1111 1110
-447, 3220, 3.22, 0111 1110 0111 1110
-447, 3366, 3.366, 0111 1110 1111 1110
-447, 3831, 3.831, 0111 1110 0111 1110
-447, 4097, 4.097, 0000 0001 0000 0001
-447, 4116, 4.116, 0000 0001 1000 0001
-447, 4171, 4.171, 0111 1110 1111 1110
-448, 0, 0.0, 0111 1110 1111 1110
-448, 1, 0.001, 0000 0001 1000 0001
-448, 21, 0.021, 0000 0001 0000 0001
-448, 75, 0.075, 0111 1110 0111 1110
-448, 318, 0.318, 0111 1110 1111 1110
-448, 640, 0.64, 0111 1110 0111 1110
-448, 1269, 1.269, 0111 1110 1111 1110
-448, 1540, 1.54, 0111 1110 0111 1110
-448, 2171, 2.171, 0111 1110 1111 1110
-448, 2400, 2.4, 0111 1110 0111 1110
-448, 3147, 3.147, 0111 1110 1111 1110
-448, 3337, 3.337, 0111 1110 0111 1110
-448, 3873, 3.873, 0111 1110 1111 1110
-448, 4097, 4.097, 0000 0001 1000 0001
-448, 4117, 4.117, 0000 0001 0000 0001
-448, 4171, 4.171, 0111 1110 0111 1110
-449, 0, 0.0, 0111 1110 0111 1110
-449, 1, 0.001, 0000 0001 0000 0001
-449, 21, 0.021, 0000 0001 1000 0001
-449, 92, 0.092, 0111 1110 1111 1110
-449, 382, 0.382, 0111 1110 0111 1110
-449, 680, 0.68, 0111 1110 1111 1110
-449, 1337, 1.337, 0111 1110 0111 1110
-449, 1586, 1.586, 0111 1110 1111 1110
-449, 2272, 2.272, 0111 1110 0111 1110
-449, 2486, 2.486, 0111 1110 1111 1110
-449, 3188, 3.188, 0111 1110 0111 1110
-449, 3361, 3.361, 0111 1110 1111 1110
-449, 3931, 3.931, 0111 1110 0111 1110
-449, 4097, 4.097, 0000 0001 0000 0001
-449, 4117, 4.117, 0000 0001 1000 0001
-449, 4188, 4.188, 0111 1110 1111 1110
-451, 0, 0.0, 1111 1110 1111 1110
-451, 1, 0.001, 1000 0001 1000 0001
-451, 35, 0.035, 1000 0001 0000 0001
-451, 70, 0.07, 1111 1110 0111 1110
-451, 301, 0.301, 1111 1110 1111 1110
-451, 648, 0.648, 1111 1110 0111 1110
-451, 1273, 1.273, 1111 1110 1111 1110
-451, 1543, 1.543, 1111 1110 0111 1110
-451, 2177, 2.177, 1111 1110 1111 1110
-451, 2412, 2.412, 1111 1110 0111 1110
-451, 3084, 3.084, 1111 1110 1111 1110
-451, 3267, 3.267, 1111 1110 0111 1110
-451, 3788, 3.788, 1111 1110 1111 1110
-451, 4097, 4.097, 1000 0001 1000 0001
-451, 4131, 4.131, 1000 0001 0000 0001
-451, 4155, 4.155, 1111 1110 0111 1110
-451, 1020526, 1020.526, 0000 0000 0000 0000
-451, 1024622, 1024.622, 1111 1110 0111 1110
-454, 0, 0.0, 1111 1110 0111 1110
-454, 1, 0.001, 1000 0001 0000 0001
-454, 21, 0.021, 1000 0001 1000 0001
-454, 79, 0.079, 1111 1110 1111 1110
-454, 345, 0.345, 1111 1110 0111 1110
-454, 667, 0.667, 1111 1110 1111 1110
-454, 1307, 1.307, 1111 1110 0111 1110
-454, 1596, 1.596, 1111 1110 1111 1110
-454, 2253, 2.253, 1111 1110 0111 1110
-454, 2479, 2.479, 1111 1110 1111 1110
-454, 3180, 3.18, 1111 1110 0111 1110
-454, 3363, 3.363, 1111 1110 1111 1110
-454, 3869, 3.869, 1111 1110 0111 1110
-454, 4097, 4.097, 1000 0001 0000 0001
-454, 4117, 4.117, 1000 0001 1000 0001
-454, 4175, 4.175, 1111 1110 1111 1110
-456, 0, 0.0, 0111 1110 1111 1110
-456, 1, 0.001, 0000 0001 1000 0001
-456, 20, 0.02, 0000 0001 0000 0001
-456, 76, 0.076, 0111 1110 0111 1110
-456, 318, 0.318, 0111 1110 1111 1110
-456, 629, 0.629, 0111 1110 0111 1110
-456, 1235, 1.235, 0111 1110 1111 1110
-456, 1571, 1.571, 0111 1110 0111 1110
-456, 2243, 2.243, 0111 1110 1111 1110
-456, 2479, 2.479, 0111 1110 0111 1110
-456, 3137, 3.137, 0111 1110 1111 1110
-456, 3316, 3.316, 0111 1110 0111 1110
-456, 3825, 3.825, 0111 1110 1111 1110
-456, 4097, 4.097, 0000 0001 1000 0001
-456, 4116, 4.116, 0000 0001 0000 0001
-456, 4172, 4.172, 0111 1110 0111 1110
-467, 0, 0.0, 0111 1110 0111 1110
-467, 1, 0.001, 0000 0001 0000 0001
-467, 21, 0.021, 0000 0001 1000 0001
-467, 92, 0.092, 0111 1110 1111 1110
-467, 399, 0.399, 0111 1110 0111 1110
-467, 753, 0.753, 0111 1110 1111 1110
-467, 1330, 1.33, 0111 1110 0111 1110
-467, 1600, 1.6, 0111 1110 1111 1110
-467, 2249, 2.249, 0111 1110 0111 1110
-467, 2462, 2.462, 0111 1110 1111 1110
-467, 3139, 3.139, 0111 1110 0111 1110
-467, 3299, 3.299, 0111 1110 1111 1110
-467, 3779, 3.779, 0111 1110 0111 1110
-467, 4097, 4.097, 0000 0001 0000 0001
-467, 4117, 4.117, 0000 0001 1000 0001
-467, 4145, 4.145, 0111 1110 1111 1110
-480, 0, 0.0, 0111 1110 1111 1110
-480, 1, 0.001, 0000 0001 1000 0001
-480, 21, 0.021, 0000 0001 0000 0001
-480, 77, 0.077, 0111 1110 0111 1110
-480, 341, 0.341, 0111 1110 1111 1110
-480, 654, 0.654, 0111 1110 0111 1110
-480, 1196, 1.196, 0111 1110 1111 1110
-480, 1481, 1.481, 0111 1110 0111 1110
-480, 2177, 2.177, 0111 1110 1111 1110
-480, 2394, 2.394, 0111 1110 0111 1110
-480, 3114, 3.114, 0111 1110 1111 1110
-480, 3280, 3.28, 0111 1110 0111 1110
-480, 3847, 3.847, 0111 1110 1111 1110
-480, 4097, 4.097, 0000 0001 1000 0001
-480, 4117, 4.117, 0000 0001 0000 0001
-480, 4173, 4.173, 0111 1110 0111 1110
-500, 0, 0.0, 1111 1110 0111 1110
-500, 1, 0.001, 1000 0001 0000 0001
-500, 21, 0.021, 1000 0001 1000 0001
-500, 65, 0.065, 1111 1110 1111 1110
-500, 294, 0.294, 1111 1110 0111 1110
-500, 619, 0.619, 1111 1110 1111 1110
-500, 1239, 1.239, 1111 1110 0111 1110
-500, 1501, 1.501, 1111 1110 1111 1110
-500, 2118, 2.118, 1111 1110 0111 1110
-500, 2334, 2.334, 1111 1110 1111 1110
-500, 2977, 2.977, 1111 1110 0111 1110
-500, 3142, 3.142, 1111 1110 1111 1110
-500, 3727, 3.727, 1111 1110 0111 1110
-500, 3973, 3.973, 1111 1110 1111 1110
-510, 0, 0.0, 0111 1110 1111 1110
-510, 1, 0.001, 0000 0001 1000 0001
-510, 21, 0.021, 0000 0001 0000 0001
-510, 78, 0.078, 0111 1110 0111 1110
-510, 327, 0.327, 0111 1110 1111 1110
-510, 666, 0.666, 0111 1110 0111 1110
-510, 1302, 1.302, 0111 1110 1111 1110
-510, 1587, 1.587, 0111 1110 0111 1110
-510, 2257, 2.257, 0111 1110 1111 1110
-510, 2490, 2.49, 0111 1110 0111 1110
-510, 3205, 3.205, 0111 1110 1111 1110
-510, 3388, 3.388, 0111 1110 0111 1110
-510, 3923, 3.923, 0111 1110 1111 1110
-510, 4097, 4.097, 0000 0001 1000 0001
-510, 4117, 4.117, 0000 0001 0000 0001
-510, 4174, 4.174, 0111 1110 0111 1110
-510, 1277042, 1277.042, 0000 0000 0000 0000
-510, 1285234, 1285.234, 0111 1110 0111 1110
-520, 0, 0.0, 1111 1110 0111 1110
-520, 1, 0.001, 1000 0001 0000 0001
-520, 21, 0.021, 1000 0001 1000 0001
-520, 61, 0.061, 1111 1110 1111 1110
-520, 264, 0.264, 1111 1110 0111 1110
-520, 582, 0.582, 1111 1110 1111 1110
-520, 1138, 1.138, 1111 1110 0111 1110
-520, 1405, 1.405, 1111 1110 1111 1110
-520, 2014, 2.014, 1111 1110 0111 1110
-520, 2233, 2.233, 1111 1110 1111 1110
-520, 2871, 2.871, 1111 1110 0111 1110
-520, 3060, 3.06, 1111 1110 1111 1110
-520, 3714, 3.714, 1111 1110 0111 1110
-520, 3873, 3.873, 1111 1110 1111 1110
-523, 0, 0.0, 1111 1110 1111 1110
-523, 1, 0.001, 1000 0001 1000 0001
-523, 21, 0.021, 1000 0001 0000 0001
-523, 62, 0.062, 1111 1110 0111 1110
-523, 309, 0.309, 1111 1110 1111 1110
-523, 618, 0.618, 1111 1110 0111 1110
-523, 1224, 1.224, 1111 1110 1111 1110
-523, 1504, 1.504, 1111 1110 0111 1110
-523, 2193, 2.193, 1111 1110 1111 1110
-523, 2420, 2.42, 1111 1110 0111 1110
-523, 3135, 3.135, 1111 1110 1111 1110
-523, 3305, 3.305, 1111 1110 0111 1110
-523, 3823, 3.823, 1111 1110 1111 1110
-523, 4097, 4.097, 1000 0001 1000 0001
-523, 4117, 4.117, 1000 0001 0000 0001
-523, 4158, 4.158, 1111 1110 0111 1110
-544, 0, 0.0, 1111 1110 0111 1110
-544, 1, 0.001, 1000 0001 0000 0001
-544, 21, 0.021, 1000 0001 1000 0001
-544, 76, 0.076, 1111 1110 1111 1110
-544, 303, 0.303, 1111 1110 0111 1110
-544, 605, 0.605, 1111 1110 1111 1110
-544, 1168, 1.168, 1111 1110 0111 1110
-544, 1416, 1.416, 1111 1110 1111 1110
-544, 2180, 2.18, 1111 1110 0111 1110
-544, 2402, 2.402, 1111 1110 1111 1110
-544, 3074, 3.074, 1111 1110 0111 1110
-544, 3298, 3.298, 1111 1110 1111 1110
-544, 3983, 3.983, 1111 1110 0111 1110
-544, 4097, 4.097, 1000 0001 0000 0001
-544, 4117, 4.117, 1000 0001 1000 0001
-544, 4172, 4.172, 1111 1110 1111 1110
-544, 386695, 386.695, 1111 1110 0111 1110
-544, 387348, 387.348, 1111 1110 1111 1110
-544, 387553, 387.553, 1111 1110 0111 1110
-544, 388285, 388.285, 1111 1110 1111 1110
-544, 388445, 388.445, 1111 1110 0111 1110
-544, 388932, 388.932, 1111 1110 1111 1110
-544, 389283, 389.283, 1111 1110 0111 1110
-544, 389828, 389.828, 1111 1110 1111 1110
-544, 390111, 390.111, 1111 1110 0111 1110
-553, 0, 0.0, 1111 1110 0111 1110
-553, 1, 0.001, 1000 0001 0000 0001
-553, 21, 0.021, 1000 0001 1000 0001
-553, 124, 0.124, 1111 1110 1111 1110
-553, 405, 0.405, 1111 1110 0111 1110
-553, 723, 0.723, 1111 1110 1111 1110
-553, 1273, 1.273, 1111 1110 0111 1110
-553, 1520, 1.52, 1111 1110 1111 1110
-553, 2145, 2.145, 1111 1110 0111 1110
-553, 2349, 2.349, 1111 1110 1111 1110
-553, 2987, 2.987, 1111 1110 0111 1110
-553, 3149, 3.149, 1111 1110 1111 1110
-553, 3606, 3.606, 1111 1110 0111 1110
-553, 3958, 3.958, 1111 1110 1111 1110
-589, 0, 0.0, 0111 1110 1111 1110
-589, 1, 0.001, 0000 0001 1000 0001
-589, 21, 0.021, 0000 0001 0000 0001
-589, 66, 0.066, 0111 1110 0111 1110
-589, 381, 0.381, 0111 1110 1111 1110
-589, 692, 0.692, 0111 1110 0111 1110
-589, 1441, 1.441, 0111 1110 1111 1110
-589, 1688, 1.688, 0111 1110 0111 1110
-589, 2441, 2.441, 0111 1110 1111 1110
-589, 2650, 2.65, 0111 1110 0111 1110
-589, 3412, 3.412, 0111 1110 1111 1110
-589, 3565, 3.565, 0111 1110 0111 1110
-589, 4145, 4.145, 0000 0001 0000 0001
-589, 4162, 4.162, 0111 1110 0111 1110
-608, 0, 0.0, 0111 1110 0111 1110
-608, 1, 0.001, 0000 0001 0000 0001
-608, 21, 0.021, 0000 0001 1000 0001
-608, 62, 0.062, 0111 1110 1111 1110
-608, 325, 0.325, 0111 1110 0111 1110
-608, 641, 0.641, 0111 1110 1111 1110
-608, 1208, 1.208, 0111 1110 0111 1110
-608, 1496, 1.496, 0111 1110 1111 1110
-608, 2112, 2.112, 0111 1110 0111 1110
-608, 2345, 2.345, 0111 1110 1111 1110
-608, 3102, 3.102, 0111 1110 0111 1110
-608, 3270, 3.27, 0111 1110 1111 1110
-608, 3824, 3.824, 0111 1110 0111 1110
-608, 4097, 4.097, 0000 0001 0000 0001
-608, 4117, 4.117, 0000 0001 1000 0001
-608, 4158, 4.158, 0111 1110 1111 1110
-613, 0, 0.0, 0111 1110 1111 1110
-613, 1, 0.001, 0000 0001 1000 0001
-613, 21, 0.021, 0000 0001 0000 0001
-613, 80, 0.08, 0111 1110 0111 1110
-613, 323, 0.323, 0111 1110 1111 1110
-613, 694, 0.694, 0111 1110 0111 1110
-613, 1366, 1.366, 0111 1110 1111 1110
-613, 1640, 1.64, 0111 1110 0111 1110
-613, 2300, 2.3, 0111 1110 1111 1110
-613, 2514, 2.514, 0111 1110 0111 1110
-613, 3252, 3.252, 0111 1110 1111 1110
-613, 3461, 3.461, 0111 1110 0111 1110
-613, 4093, 4.093, 0111 1110 1111 1110
-613, 4097, 4.097, 0000 0001 1000 0001
-613, 4117, 4.117, 0000 0001 0000 0001
-613, 4176, 4.176, 0111 1110 0111 1110
-614, 0, 0.0, 0111 1110 0111 1110
-614, 1, 0.001, 0000 0001 0000 0001
-614, 21, 0.021, 0000 0001 1000 0001
-614, 65, 0.065, 0111 1110 1111 1110
-614, 342, 0.342, 0111 1110 0111 1110
-614, 690, 0.69, 0111 1110 1111 1110
-614, 1254, 1.254, 0111 1110 0111 1110
-614, 1504, 1.504, 0111 1110 1111 1110
-614, 2122, 2.122, 0111 1110 0111 1110
-614, 2329, 2.329, 0111 1110 1111 1110
-614, 2965, 2.965, 0111 1110 0111 1110
-614, 3128, 3.128, 0111 1110 1111 1110
-614, 3590, 3.59, 0111 1110 0111 1110
-614, 3928, 3.928, 0111 1110 1111 1110
-647, 0, 0.0, 0111 1110 1111 1110
-647, 1, 0.001, 0000 0001 1000 0001
-647, 20, 0.02, 0000 0001 0000 0001
-647, 67, 0.067, 0111 1110 0111 1110
-647, 342, 0.342, 0111 1110 1111 1110
-647, 658, 0.658, 0111 1110 0111 1110
-647, 1232, 1.232, 0111 1110 1111 1110
-647, 1502, 1.502, 0111 1110 0111 1110
-647, 2309, 2.309, 0111 1110 1111 1110
-647, 2643, 2.643, 0111 1110 0111 1110
-647, 3490, 3.49, 0111 1110 1111 1110
-647, 3657, 3.657, 0111 1110 0111 1110
-650, 0, 0.0, 0111 1110 0111 1110
-650, 1, 0.001, 0000 0001 0000 0001
-650, 36, 0.036, 0000 0001 1000 0001
-650, 88, 0.088, 0111 1110 1111 1110
-650, 332, 0.332, 0111 1110 0111 1110
-650, 657, 0.657, 0111 1110 1111 1110
-650, 1274, 1.274, 0111 1110 0111 1110
-650, 1548, 1.548, 0111 1110 1111 1110
-650, 2232, 2.232, 0111 1110 0111 1110
-650, 2463, 2.463, 0111 1110 1111 1110
-650, 3197, 3.197, 0111 1110 0111 1110
-650, 3404, 3.404, 0111 1110 1111 1110
-650, 3922, 3.922, 0111 1110 0111 1110
-650, 4097, 4.097, 0000 0001 0000 0001
-650, 4132, 4.132, 0000 0001 1000 0001
-650, 4184, 4.184, 0111 1110 1111 1110
-662, 0, 0.0, 1111 1110 1111 1110
-662, 1, 0.001, 1000 0001 1000 0001
-662, 21, 0.021, 1000 0001 0000 0001
-662, 86, 0.086, 1111 1110 0111 1110
-662, 350, 0.35, 1111 1110 1111 1110
-662, 726, 0.726, 1111 1110 0111 1110
-662, 1566, 1.566, 1111 1110 1111 1110
-662, 1875, 1.875, 1111 1110 0111 1110
-662, 2721, 2.721, 1111 1110 1111 1110
-662, 2981, 2.981, 1111 1110 0111 1110
-662, 3910, 3.91, 1111 1110 1111 1110
-662, 4097, 4.097, 1000 0001 1000 0001
-662, 4117, 4.117, 1000 0001 0000 0001
-662, 4182, 4.182, 1111 1110 0111 1110
-662, 579166, 579.166, 0000 0000 0000 0000
-662, 587358, 587.358, 1111 1110 0111 1110
-664, 0, 0.0, 0111 1110 0111 1110
-664, 1, 0.001, 0000 0001 0000 0001
-664, 20, 0.02, 0000 0001 1000 0001
-664, 75, 0.075, 0111 1110 1111 1110
-664, 287, 0.287, 0111 1110 0111 1110
-664, 657, 0.657, 0111 1110 1111 1110
-664, 1220, 1.22, 0111 1110 0111 1110
-664, 1491, 1.491, 0111 1110 1111 1110
-664, 2203, 2.203, 0111 1110 0111 1110
-664, 2418, 2.418, 0111 1110 1111 1110
-664, 3159, 3.159, 0111 1110 0111 1110
-664, 3369, 3.369, 0111 1110 1111 1110
-664, 3946, 3.946, 0111 1110 0111 1110
-664, 4097, 4.097, 0000 0001 0000 0001
-664, 4116, 4.116, 0000 0001 1000 0001
-664, 4171, 4.171, 0111 1110 1111 1110
-682, 0, 0.0, 1111 1110 1111 1110
-682, 1, 0.001, 1000 0001 1000 0001
-682, 21, 0.021, 1000 0001 0000 0001
-682, 63, 0.063, 1111 1110 0111 1110
-682, 281, 0.281, 1111 1110 1111 1110
-682, 599, 0.599, 1111 1110 0111 1110
-682, 1169, 1.169, 1111 1110 1111 1110
-682, 1474, 1.474, 1111 1110 0111 1110
-682, 2196, 2.196, 1111 1110 1111 1110
-682, 2453, 2.453, 1111 1110 0111 1110
-682, 3122, 3.122, 1111 1110 1111 1110
-682, 3286, 3.286, 1111 1110 0111 1110
-682, 3781, 3.781, 1111 1110 1111 1110
-682, 4097, 4.097, 1111 1110 0111 1110
-706, 0, 0.0, 0111 1110 0111 1110
-706, 1, 0.001, 0000 0001 0000 0001
-706, 20, 0.02, 0000 0001 1000 0001
-706, 62, 0.062, 0111 1110 1111 1110
-706, 314, 0.314, 0111 1110 0111 1110
-706, 651, 0.651, 0111 1110 1111 1110
-706, 1251, 1.251, 0111 1110 0111 1110
-706, 1539, 1.539, 0111 1110 1111 1110
-706, 2142, 2.142, 0111 1110 0111 1110
-706, 2361, 2.361, 0111 1110 1111 1110
-706, 3012, 3.012, 0111 1110 0111 1110
-706, 3185, 3.185, 0111 1110 1111 1110
-706, 3770, 3.77, 0111 1110 0111 1110
-706, 4097, 4.097, 0000 0001 0000 0001
-706, 4098, 4.098, 0111 1110 1111 1110
-708, 0, 0.0, 1111 1110 1111 1110
-708, 1, 0.001, 1000 0001 1000 0001
-708, 21, 0.021, 1000 0001 0000 0001
-708, 102, 0.102, 1111 1110 0111 1110
-708, 359, 0.359, 1111 1110 1111 1110
-708, 689, 0.689, 1111 1110 0111 1110
-708, 1339, 1.339, 1111 1110 1111 1110
-708, 1654, 1.654, 1111 1110 0111 1110
-708, 2314, 2.314, 1111 1110 1111 1110
-708, 2539, 2.539, 1111 1110 0111 1110
-708, 3181, 3.181, 1111 1110 1111 1110
-708, 3404, 3.404, 1111 1110 0111 1110
-708, 4020, 4.02, 1111 1110 1111 1110
-708, 4097, 4.097, 1000 0001 1000 0001
-708, 4117, 4.117, 1000 0001 0000 0001
-708, 4198, 4.198, 1111 1110 0111 1110
-723, 0, 0.0, 1111 1110 0111 1110
-723, 1, 0.001, 1000 0001 0000 0001
-723, 21, 0.021, 1000 0001 1000 0001
-723, 108, 0.108, 1111 1110 1111 1110
-723, 731, 0.731, 1111 1110 0111 1110
-723, 1332, 1.332, 1111 1110 1111 1110
-723, 2292, 2.292, 1111 1110 0111 1110
-723, 2293, 2.293, 1111 1110 1111 1110
-723, 2296, 2.296, 1111 1110 0111 1110
-723, 2521, 2.521, 1111 1110 1111 1110
-723, 3247, 3.247, 1111 1110 0111 1110
-723, 3431, 3.431, 1111 1110 1111 1110
-723, 3955, 3.955, 1111 1110 0111 1110
-723, 4097, 4.097, 1000 0001 0000 0001
-723, 4117, 4.117, 1000 0001 1000 0001
-723, 4204, 4.204, 1111 1110 1111 1110
-724, 0, 0.0, 1111 1110 1111 1110
-724, 1, 0.001, 1000 0001 1000 0001
-724, 21, 0.021, 1000 0001 0000 0001
-724, 62, 0.062, 1111 1110 0111 1110
-724, 297, 0.297, 1111 1110 1111 1110
-724, 625, 0.625, 1111 1110 0111 1110
-724, 1345, 1.345, 1111 1110 1111 1110
-724, 1624, 1.624, 1111 1110 0111 1110
-724, 2298, 2.298, 1111 1110 1111 1110
-724, 2521, 2.521, 1111 1110 0111 1110
-724, 3378, 3.378, 1111 1110 1111 1110
-724, 3546, 3.546, 1111 1110 0111 1110
-724, 4078, 4.078, 1111 1110 1111 1110
-724, 4097, 4.097, 1000 0001 1000 0001
-724, 4117, 4.117, 1000 0001 0000 0001
-724, 4158, 4.158, 1111 1110 0111 1110
-727, 0, 0.0, 1111 1110 0111 1110
-727, 1, 0.001, 1000 0001 0000 0001
-727, 21, 0.021, 1000 0001 1000 0001
-727, 76, 0.076, 1111 1110 1111 1110
-727, 343, 0.343, 1111 1110 0111 1110
-727, 681, 0.681, 1111 1110 1111 1110
-727, 1395, 1.395, 1111 1110 0111 1110
-727, 1650, 1.65, 1111 1110 1111 1110
-727, 2363, 2.363, 1111 1110 0111 1110
-727, 2603, 2.603, 1111 1110 1111 1110
-727, 3291, 3.291, 1111 1110 0111 1110
-727, 3469, 3.469, 1111 1110 1111 1110
-727, 4018, 4.018, 1111 1110 0111 1110
-727, 4097, 4.097, 1000 0001 0000 0001
-727, 4117, 4.117, 1000 0001 1000 0001
-727, 4172, 4.172, 1111 1110 1111 1110
-748, 0, 0.0, 1000 0000 1000 0001
-748, 1, 0.001, 1000 0001 1000 0001
-748, 20, 0.02, 1000 0001 0000 0001
-748, 62, 0.062, 1111 1110 0111 1110
-748, 294, 0.294, 1111 1110 1111 1110
-748, 601, 0.601, 1111 1110 0111 1110
-748, 1178, 1.178, 1111 1110 1111 1110
-748, 1440, 1.44, 1111 1110 0111 1110
-748, 2060, 2.06, 1111 1110 1111 1110
-748, 2281, 2.281, 1111 1110 0111 1110
-748, 2915, 2.915, 1111 1110 1111 1110
-748, 3087, 3.087, 1111 1110 0111 1110
-748, 3771, 3.771, 1111 1110 1111 1110
-748, 3904, 3.904, 1111 1110 0111 1110
-756, 0, 0.0, 0000 0001 0000 0001
-756, 20, 0.02, 0000 0001 1000 0001
-756, 88, 0.088, 0111 1110 1111 1110
-756, 319, 0.319, 0111 1110 0111 1110
-756, 660, 0.66, 0111 1110 1111 1110
-756, 1314, 1.314, 0111 1110 0111 1110
-756, 1572, 1.572, 0111 1110 1111 1110
-756, 2193, 2.193, 0111 1110 0111 1110
-756, 2401, 2.401, 0111 1110 1111 1110
-756, 3044, 3.044, 0111 1110 0111 1110
-756, 3216, 3.216, 0111 1110 1111 1110
-756, 3768, 3.768, 0111 1110 0111 1110
-756, 4096, 4.096, 0000 0001 0000 0001
-756, 4099, 4.099, 0111 1110 1111 1110
-786, 0, 0.0, 1111 1110 1111 1110
-786, 1, 0.001, 1000 0001 1000 0001
-786, 21, 0.021, 1000 0001 0000 0001
-786, 88, 0.088, 1111 1111 0111 1110
-786, 89, 0.089, 1111 1110 0111 1110
-786, 360, 0.36, 1111 1110 1111 1110
-786, 663, 0.663, 1111 1110 0111 1110
-786, 1251, 1.251, 1111 1110 1111 1110
-786, 1539, 1.539, 1111 1110 0111 1110
-786, 2252, 2.252, 1111 1110 1111 1110
-786, 2467, 2.467, 1111 1110 0111 1110
-786, 3189, 3.189, 1111 1110 1111 1110
-786, 3369, 3.369, 1111 1110 0111 1110
-786, 3891, 3.891, 1111 1110 1111 1110
-786, 4097, 4.097, 1000 0001 1000 0001
-786, 4117, 4.117, 1000 0001 0000 0001
-786, 4184, 4.184, 1111 1111 0111 1110
-786, 4185, 4.185, 1111 1110 0111 1110
-789, 0, 0.0, 1111 1110 0111 1110
-789, 1, 0.001, 1000 0001 0000 0001
-789, 21, 0.021, 1000 0001 1000 0001
-789, 63, 0.063, 1111 1110 1111 1110
-789, 299, 0.299, 1111 1110 0111 1110
-789, 615, 0.615, 1111 1110 1111 1110
-789, 1229, 1.229, 1111 1110 0111 1110
-789, 1516, 1.516, 1111 1110 1111 1110
-789, 2212, 2.212, 1111 1110 0111 1110
-789, 2446, 2.446, 1111 1110 1111 1110
-789, 3193, 3.193, 1111 1110 0111 1110
-789, 3394, 3.394, 1111 1110 1111 1110
-789, 3955, 3.955, 1111 1110 0111 1110
-789, 4097, 4.097, 1000 0001 0000 0001
-789, 4117, 4.117, 1000 0001 1000 0001
-789, 4159, 4.159, 1111 1110 1111 1110
-789, 1000950, 1000.95, 0000 0000 0000 0000
-789, 1005046, 1005.046, 1111 1110 1111 1110
-790, 0, 0.0, 1111 1110 0111 1110
-790, 1, 0.001, 1000 0001 0000 0001
-790, 20, 0.02, 1000 0001 1000 0001
-790, 79, 0.079, 1111 1110 1111 1110
-790, 3523, 3.523, 1111 1110 0111 1110
-790, 3616, 3.616, 1111 1110 1111 1110
-792, 0, 0.0, 0111 1110 1111 1110
-792, 1, 0.001, 0000 0001 1000 0001
-792, 21, 0.021, 0000 0001 0000 0001
-792, 93, 0.093, 0111 1110 0111 1110
-792, 357, 0.357, 0111 1110 1111 1110
-792, 674, 0.674, 0111 1110 0111 1110
-792, 1331, 1.331, 0111 1110 1111 1110
-792, 1580, 1.58, 0111 1110 0111 1110
-792, 2176, 2.176, 0111 1110 1111 1110
-792, 2414, 2.414, 0111 1110 0111 1110
-792, 3280, 3.28, 0111 1110 1111 1110
-792, 3440, 3.44, 0111 1110 0111 1110
-792, 4016, 4.016, 0111 1110 1111 1110
-792, 4097, 4.097, 0000 0001 1000 0001
-792, 4117, 4.117, 0000 0001 0000 0001
-792, 4189, 4.189, 0111 1110 0111 1110
-794, 0, 0.0, 1111 1110 0111 1110
-794, 1, 0.001, 1000 0001 0000 0001
-794, 20, 0.02, 1000 0001 1000 0001
-794, 74, 0.074, 1111 1110 1111 1110
-794, 325, 0.325, 1111 1110 0111 1110
-794, 636, 0.636, 1111 1110 1111 1110
-794, 1268, 1.268, 1111 1110 0111 1110
-794, 1539, 1.539, 1111 1110 1111 1110
-794, 2215, 2.215, 1111 1110 0111 1110
-794, 2456, 2.456, 1111 1110 1111 1110
-794, 3134, 3.134, 1111 1110 0111 1110
-794, 3304, 3.304, 1111 1110 1111 1110
-794, 3822, 3.822, 1111 1110 0111 1110
-794, 4097, 4.097, 1000 0001 0000 0001
-794, 4116, 4.116, 1000 0001 1000 0001
-794, 4170, 4.17, 1111 1110 1111 1110
-799, 0, 0.0, 1111 1110 1111 1110
-799, 1, 0.001, 1000 0001 1000 0001
-799, 21, 0.021, 1000 0001 0000 0001
-799, 124, 0.124, 1111 1110 0111 1110
-799, 485, 0.485, 1111 1110 1111 1110
-799, 779, 0.779, 1111 1110 0111 1110
-799, 1486, 1.486, 1111 1110 1111 1110
-799, 1726, 1.726, 1111 1110 0111 1110
-799, 2400, 2.4, 1111 1110 1111 1110
-799, 2591, 2.591, 1111 1110 0111 1110
-799, 3327, 3.327, 1111 1110 1111 1110
-799, 3512, 3.512, 1111 1110 0111 1110
-799, 4067, 4.067, 1111 1110 1111 1110
-799, 4097, 4.097, 1000 0001 1000 0001
-799, 4117, 4.117, 1000 0001 0000 0001
-799, 4220, 4.22, 1111 1110 0111 1110
-800, 0, 0.0, 1111 1110 0111 1110
-800, 1, 0.001, 1000 0001 0000 0001
-800, 21, 0.021, 1000 0001 1000 0001
-800, 102, 0.102, 1111 1110 1111 1110
-800, 347, 0.347, 1111 1110 0111 1110
-800, 673, 0.673, 1111 1110 1111 1110
-800, 1266, 1.266, 1111 1110 0111 1110
-800, 1535, 1.535, 1111 1110 1111 1110
-800, 2195, 2.195, 1111 1110 0111 1110
-800, 2422, 2.422, 1111 1110 1111 1110
-800, 3146, 3.146, 1111 1110 0111 1110
-800, 3307, 3.307, 1111 1110 1111 1110
-800, 3835, 3.835, 1111 1110 0111 1110
-800, 4097, 4.097, 1000 0001 0000 0001
-800, 4117, 4.117, 1000 0001 1000 0001
-800, 4198, 4.198, 1111 1110 1111 1110
-818, 0, 0.0, 0111 1110 1111 1110
-818, 1, 0.001, 0000 0001 1000 0001
-818, 21, 0.021, 0000 0001 0000 0001
-818, 75, 0.075, 0111 1110 0111 1110
-818, 301, 0.301, 0111 1110 1111 1110
-818, 304, 0.304, 0111 1110 0111 1110
-818, 305, 0.305, 0111 1110 1111 1110
-818, 623, 0.623, 0111 1110 0111 1110
-818, 1289, 1.289, 0111 1110 1111 1110
-818, 1546, 1.546, 0111 1110 0111 1110
-818, 2182, 2.182, 0111 1110 1111 1110
-818, 2387, 2.387, 0111 1110 0111 1110
-818, 3098, 3.098, 0111 1110 1111 1110
-818, 3276, 3.276, 0111 1110 0111 1110
-818, 3847, 3.847, 0111 1110 1111 1110
-818, 4097, 4.097, 0000 0001 1000 0001
-818, 4117, 4.117, 0000 0001 0000 0001
-818, 4171, 4.171, 0111 1110 0111 1110
-828, 0, 0.0, 1111 1110 0111 1110
-828, 1, 0.001, 1000 0001 0000 0001
-828, 20, 0.02, 1000 0001 1000 0001
-828, 129, 0.129, 1111 1110 1111 1110
-828, 388, 0.388, 1111 1110 0111 1110
-828, 715, 0.715, 1111 1110 1111 1110
-828, 1364, 1.364, 1111 1110 0111 1110
-828, 1659, 1.659, 1111 1110 1111 1110
-828, 2377, 2.377, 1111 1110 0111 1110
-828, 2599, 2.599, 1111 1110 1111 1110
-828, 3328, 3.328, 1111 1110 0111 1110
-828, 3531, 3.531, 1111 1110 1111 1110
-828, 4137, 4.137, 1000 0001 1000 0001
-828, 4225, 4.225, 1111 1110 1111 1110
-846, 0, 0.0, 0111 1110 1111 1110
-846, 1, 0.001, 0000 0001 1000 0001
-846, 33, 0.033, 0000 0001 0000 0001
-846, 61, 0.061, 0111 1110 0111 1110
-846, 291, 0.291, 0111 1110 1111 1110
-846, 638, 0.638, 0111 1110 0111 1110
-846, 1261, 1.261, 0111 1110 1111 1110
-846, 1517, 1.517, 0111 1110 0111 1110
-846, 2163, 2.163, 0111 1110 1111 1110
-846, 2377, 2.377, 0111 1110 0111 1110
-846, 3044, 3.044, 0111 1110 1111 1110
-846, 3251, 3.251, 0111 1110 0111 1110
-846, 3786, 3.786, 0111 1110 1111 1110
-846, 4097, 4.097, 0000 0001 1000 0001
-846, 4129, 4.129, 0000 0001 0000 0001
-846, 4136, 4.136, 0111 1110 0111 1110
-851, 0, 0.0, 0111 1110 0111 1110
-851, 1, 0.001, 0000 0001 0000 0001
-851, 21, 0.021, 0000 0001 1000 0001
-851, 64, 0.064, 0111 1110 1111 1110
-851, 311, 0.311, 0111 1110 0111 1110
-851, 627, 0.627, 0111 1110 1111 1110
-851, 1201, 1.201, 0111 1110 0111 1110
-851, 1467, 1.467, 0111 1110 1111 1110
-851, 2129, 2.129, 0111 1110 0111 1110
-851, 2364, 2.364, 0111 1110 1111 1110
-851, 3083, 3.083, 0111 1110 0111 1110
-851, 3261, 3.261, 0111 1110 1111 1110
-851, 3765, 3.765, 0111 1110 0111 1110
-851, 4097, 4.097, 0000 0001 0000 0001
-851, 4117, 4.117, 0000 0001 1000 0001
-851, 4137, 4.137, 0111 1110 1111 1110
-853, 0, 0.0, 1111 1110 1111 1110
-853, 1, 0.001, 1000 0001 1000 0001
-853, 21, 0.021, 1000 0001 0000 0001
-853, 88, 0.088, 1111 1110 0111 1110
-853, 362, 0.362, 1111 1110 1111 1110
-853, 786, 0.786, 1111 1110 0111 1110
-853, 1439, 1.439, 1111 1110 1111 1110
-853, 1687, 1.687, 1111 1110 0111 1110
-853, 2286, 2.286, 1111 1110 1111 1110
-853, 2496, 2.496, 1111 1110 0111 1110
-853, 3243, 3.243, 1111 1110 1111 1110
-853, 3437, 3.437, 1111 1110 0111 1110
-853, 4041, 4.041, 1111 1110 1111 1110
-853, 4097, 4.097, 1000 0001 1000 0001
-853, 4117, 4.117, 1000 0001 0000 0001
-853, 4184, 4.184, 1111 1110 0111 1110
-878, 0, 0.0, 1111 1110 0111 1110
-878, 1, 0.001, 1000 0001 0000 0001
-878, 20, 0.02, 1000 0001 1000 0001
-878, 90, 0.09, 1111 1110 1111 1110
-878, 409, 0.409, 1111 1110 0111 1110
-878, 783, 0.783, 1111 1110 1111 1110
-878, 1530, 1.53, 1111 1110 0111 1110
-878, 1782, 1.782, 1111 1110 1111 1110
-878, 2436, 2.436, 1111 1110 0111 1110
-878, 2646, 2.646, 1111 1110 1111 1110
-878, 3290, 3.29, 1111 1110 0111 1110
-878, 3440, 3.44, 1111 1110 1111 1110
-878, 3910, 3.91, 1111 1110 0111 1110
-878, 4097, 4.097, 1000 0001 0000 0001
-878, 4116, 4.116, 1000 0001 1000 0001
-878, 4186, 4.186, 1111 1110 1111 1110
-882, 0, 0.0, 0111 1110 1111 1110
-882, 1, 0.001, 0000 0001 1000 0001
-882, 67, 0.067, 0000 0001 0000 0001
-882, 374, 0.374, 0111 1110 0111 1110
-882, 800, 0.8, 0111 1110 1111 1110
-882, 1166, 1.166, 0111 1110 0111 1110
-882, 1986, 1.986, 0111 1110 1111 1110
-882, 2248, 2.248, 0111 1110 0111 1110
-882, 3001, 3.001, 0111 1110 1111 1110
-882, 3200, 3.2, 0111 1110 0111 1110
-882, 3733, 3.733, 0111 1110 1111 1110
-882, 4097, 4.097, 0000 0001 1000 0001
-882, 4127, 4.127, 0111 1110 0111 1110
-895, 0, 0.0, 0111 1110 0111 1110
-895, 1, 0.001, 0000 0001 0000 0001
-895, 21, 0.021, 0000 0001 1000 0001
-895, 104, 0.104, 0111 1110 1111 1110
-895, 334, 0.334, 0111 1110 0111 1110
-895, 677, 0.677, 0111 1110 1111 1110
-895, 1305, 1.305, 0111 1110 0111 1110
-895, 1564, 1.564, 0111 1110 1111 1110
-895, 2258, 2.258, 0111 1110 0111 1110
-895, 2457, 2.457, 0111 1110 1111 1110
-895, 3169, 3.169, 0111 1110 0111 1110
-895, 3334, 3.334, 0111 1110 1111 1110
-895, 3927, 3.927, 0111 1110 0111 1110
-895, 4097, 4.097, 0000 0001 0000 0001
-895, 4117, 4.117, 0000 0001 1000 0001
-895, 4200, 4.2, 0111 1110 1111 1110
-895, 1395722, 1395.722, 0000 0000 0000 0000
-895, 1399818, 1399.818, 0111 1110 1111 1110
-907, 0, 0.0, 1111 1110 1111 1110
-907, 1, 0.001, 1000 0001 1000 0001
-907, 21, 0.021, 1000 0001 0000 0001
-907, 90, 0.09, 1111 1110 0111 1110
-907, 312, 0.312, 1111 1110 1111 1110
-907, 640, 0.64, 1111 1110 0111 1110
-907, 1310, 1.31, 1111 1110 1111 1110
-907, 1602, 1.602, 1111 1110 0111 1110
-907, 2345, 2.345, 1111 1110 1111 1110
-907, 2574, 2.574, 1111 1110 0111 1110
-907, 3288, 3.288, 1111 1110 1111 1110
-907, 3476, 3.476, 1111 1110 0111 1110
-907, 4027, 4.027, 1111 1110 1111 1110
-907, 4097, 4.097, 1000 0001 1000 0001
-907, 4117, 4.117, 1000 0001 0000 0001
-907, 4186, 4.186, 1111 1110 0111 1110
-909, 0, 0.0, 0111 1110 0111 1110
-909, 1, 0.001, 0000 0001 0000 0001
-909, 20, 0.02, 0000 0001 1000 0001
-909, 62, 0.062, 0111 1110 1111 1110
-909, 302, 0.302, 0111 1110 0111 1110
-909, 640, 0.64, 0111 1110 1111 1110
-909, 1241, 1.241, 0111 1110 0111 1110
-909, 1539, 1.539, 0111 1110 1111 1110
-909, 2162, 2.162, 0111 1110 0111 1110
-909, 2399, 2.399, 0111 1110 1111 1110
-909, 3084, 3.084, 0111 1110 0111 1110
-909, 3313, 3.313, 0111 1110 1111 1110
-909, 3895, 3.895, 0111 1110 0111 1110
-909, 4097, 4.097, 0000 0001 0000 0001
-909, 4116, 4.116, 0000 0001 1000 0001
-909, 4158, 4.158, 0111 1110 1111 1110
-909, 890699, 890.699, 0000 0000 0000 0000
-909, 902987, 902.987, 0111 1110 1111 1110
-911, 0, 0.0, 1111 1110 1111 1110
-911, 1, 0.001, 1000 0001 1000 0001
-911, 20, 0.02, 1000 0001 0000 0001
-911, 118, 0.118, 1111 1110 0111 1110
-911, 392, 0.392, 1111 1110 1111 1110
-911, 805, 0.805, 1111 1110 0111 1110
-911, 1652, 1.652, 1111 1110 1111 1110
-911, 1911, 1.911, 1111 1110 0111 1110
-911, 2582, 2.582, 1111 1110 1111 1110
-911, 2825, 2.825, 1111 1110 0111 1110
-911, 3645, 3.645, 1111 1110 1111 1110
-911, 4094, 4.094, 1111 1110 0111 1110
-930, 0, 0.0, 1111 1110 0111 1110
-930, 1, 0.001, 1000 0001 0000 0001
-930, 20, 0.02, 1000 0001 1000 0001
-930, 83, 0.083, 1111 1110 1111 1110
-930, 347, 0.347, 1111 1110 0111 1110
-930, 680, 0.68, 1111 1110 1111 1110
-930, 1845, 1.845, 1111 1110 0111 1110
-930, 2214, 2.214, 1111 1110 1111 1110
-930, 3296, 3.296, 1111 1110 0111 1110
-930, 3474, 3.474, 1111 1110 1111 1110
-930, 4136, 4.136, 1000 0001 1000 0001
-930, 4179, 4.179, 1111 1110 1111 1110
-931, 0, 0.0, 1111 1110 1111 1110
-931, 1, 0.001, 1000 0001 1000 0001
-931, 21, 0.021, 1000 0001 0000 0001
-931, 113, 0.113, 1111 1110 0111 1110
-931, 357, 0.357, 1111 1110 1111 1110
-931, 656, 0.656, 1111 1110 0111 1110
-931, 1309, 1.309, 1111 1110 1111 1110
-931, 1580, 1.58, 1111 1110 0111 1110
-931, 2217, 2.217, 1111 1110 1111 1110
-931, 2417, 2.417, 1111 1110 0111 1110
-931, 3064, 3.064, 1111 1110 1111 1110
-931, 3250, 3.25, 1111 1110 0111 1110
-931, 3839, 3.839, 1111 1110 1111 1110
-931, 4097, 4.097, 1000 0001 1000 0001
-931, 4117, 4.117, 1000 0001 0000 0001
-931, 4193, 4.193, 1111 1110 0111 1110
-947, 0, 0.0, 0111 1110 0111 1110
-947, 1, 0.001, 0000 0001 0000 0001
-947, 21, 0.021, 0000 0001 1000 0001
-947, 88, 0.088, 0111 1110 1111 1110
-947, 344, 0.344, 0111 1110 0111 1110
-947, 682, 0.682, 0111 1110 1111 1110
-947, 1370, 1.37, 0111 1110 0111 1110
-947, 1640, 1.64, 0111 1110 1111 1110
-947, 2264, 2.264, 0111 1110 0111 1110
-947, 2472, 2.472, 0111 1110 1111 1110
-947, 3180, 3.18, 0111 1110 0111 1110
-947, 3376, 3.376, 0111 1110 1111 1110
-947, 3900, 3.9, 0111 1110 0111 1110
-947, 4097, 4.097, 0000 0001 0000 0001
-947, 4117, 4.117, 0000 0001 1000 0001
-947, 4184, 4.184, 0111 1110 1111 1110
-948, 0, 0.0, 0111 1110 1111 1110
-948, 1, 0.001, 0000 0001 1000 0001
-948, 21, 0.021, 0000 0001 0000 0001
-948, 137, 0.137, 0111 1110 0111 1110
-948, 460, 0.46, 0111 1110 1111 1110
-948, 833, 0.833, 0111 1110 0111 1110
-948, 1641, 1.641, 0111 1110 1111 1110
-948, 2009, 2.009, 0111 1110 0111 1110
-948, 2982, 2.982, 0111 1110 1111 1110
-948, 3198, 3.198, 0111 1110 0111 1110
-948, 3894, 3.894, 0111 1110 1111 1110
-948, 4097, 4.097, 0000 0001 1000 0001
-948, 4117, 4.117, 0000 0001 0000 0001
-948, 4233, 4.233, 0111 1110 0111 1110
-948, 809826, 809.826, 0000 0000 0000 0000
-948, 813922, 813.922, 0111 1110 0111 1110
-948, 817146, 817.146, 0000 0000 0000 0000
-948, 821242, 821.242, 0111 1110 0111 1110
-958, 0, 0.0, 1111 1110 0111 1110
-958, 1, 0.001, 1000 0001 0000 0001
-958, 20, 0.02, 1000 0001 1000 0001
-958, 97, 0.097, 1111 1110 1111 1110
-958, 364, 0.364, 1111 1110 0111 1110
-958, 708, 0.708, 1111 1110 1111 1110
-958, 1538, 1.538, 1111 1110 0111 1110
-958, 1825, 1.825, 1111 1110 1111 1110
-958, 2537, 2.537, 1111 1110 0111 1110
-958, 2730, 2.73, 1111 1110 1111 1110
-958, 3444, 3.444, 1111 1110 0111 1110
-958, 3592, 3.592, 1111 1110 1111 1110
-958, 4090, 4.09, 1111 1110 0111 1110
-958, 4097, 4.097, 1000 0001 0000 0001
-958, 4116, 4.116, 1000 0001 1000 0001
-958, 4193, 4.193, 1111 1110 1111 1110
-984, 0, 0.0, 0111 1110 0111 1110
-984, 1, 0.001, 0000 0001 0000 0001
-984, 21, 0.021, 0000 0001 1000 0001
-984, 71, 0.071, 0111 1110 1111 1110
-984, 301, 0.301, 0111 1110 0111 1110
-984, 621, 0.621, 0111 1110 1111 1110
-984, 1333, 1.333, 0111 1110 0111 1110
-984, 1621, 1.621, 0111 1110 1111 1110
-984, 2289, 2.289, 0111 1110 0111 1110
-984, 2523, 2.523, 0111 1110 1111 1110
-984, 3192, 3.192, 0111 1110 0111 1110
-984, 3374, 3.374, 0111 1110 1111 1110
-984, 3910, 3.91, 0111 1110 0111 1110
-984, 4097, 4.097, 0000 0001 0000 0001
-984, 4117, 4.117, 0000 0001 1000 0001
-984, 4167, 4.167, 0111 1110 1111 1110
-985, 0, 0.0, 0111 1110 1111 1110
-985, 1, 0.001, 0000 0001 1000 0001
-985, 21, 0.021, 0000 0001 0000 0001
-985, 62, 0.062, 0111 1110 0111 1110
-985, 280, 0.28, 0111 1110 1111 1110
-985, 593, 0.593, 0111 1110 0111 1110
-985, 1148, 1.148, 0111 1110 1111 1110
-985, 1428, 1.428, 0111 1110 0111 1110
-985, 2021, 2.021, 0111 1110 1111 1110
-985, 2241, 2.241, 0111 1110 0111 1110
-985, 2889, 2.889, 0111 1110 1111 1110
-985, 3069, 3.069, 0111 1110 0111 1110
-985, 3753, 3.753, 0111 1110 1111 1110
-985, 3887, 3.887, 0111 1110 0111 1110
-985, 801714, 801.714, 0111 1110 1111 1110
-985, 802466, 802.466, 0111 1110 0111 1110
-985, 802623, 802.623, 0111 1110 1111 1110
-985, 803236, 803.236, 0111 1110 0111 1110
-985, 803542, 803.542, 0111 1110 1111 1110
-985, 804111, 804.111, 0111 1110 0111 1110
-985, 804363, 804.363, 0111 1110 1111 1110
-985, 805012, 805.012, 0111 1110 0111 1110
-985, 805237, 805.237, 0111 1110 1111 1110
