Packet, Sample offset, Latency (ms), Sample
1, 0, 0.0, 1000 0000 0000 0001 
1, 1, 0.001, 1000 0001 0000 0001 
1, 20, 0.02, 1000 0001 1000 0001 
1, 88, 0.088, 1111 1110 1111 1110 
1, 325, 0.325, 1111 1110 0111 1110 
1, 659, 0.659, 1111 1110 1111 1110 
1, 1246, 1.246, 1111 1110 0111 1110 
1, 1484, 1.484, 1111 1110 1111 1110 
1, 2099, 2.099, 1111 1110 0111 1110 
1, 2300, 2.3, 1111 1110 1111 1110 
1, 2981, 2.981, 1111 1110 0111 1110 
1, 3136, 3.136, 1111 1110 1111 1110 
1, 3625, 3.625, 1111 1110 0111 1110 
1, 3977, 3.977, 1111 1110 1111 1110 
1, 102104, 102.104, 0111 1110 1111 1110 
1, 102751, 102.751, 1111 1110 1111 1110 
1, 103050, 103.05, 0000 0000 0000 0000 
2, 0, 0.0, 1111 1110 1111 1110 
2, 1, 0.001, 1000 0001 1000 0001 
2, 36, 0.036, 1000 0001 0000 0001 
2, 84, 0.084, 1111 1110 0111 1110 
2, 474, 0.474, 1111 1110 1111 1110 
2, 713, 0.713, 1111 1110 0111 1110 
2, 1426, 1.426, 1111 1110 1111 1110 
2, 1598, 1.598, 1111 1110 0111 1110 
2, 2076, 2.076, 1111 1110 1111 1110 
2, 2426, 2.426, 1111 1110 0111 1110 
2, 2925, 2.925, 1111 1110 1111 1110 
2, 3213, 3.213, 1111 1110 0111 1110 
2, 3765, 3.765, 1111 1110 1111 1110 
2, 4017, 4.017, 1111 1110 0111 1110 
2, 61157, 61.157, 0111 1110 0111 1110 
2, 61169, 61.169, 1111 1110 0111 1110 
2, 61417, 61.417, 0111 1110 0111 1110 
2, 62011, 62.011, 1111 1110 0111 1110 
2, 62210, 62.21, 0000 0000 0000 0000 
3, 0, 0.0, 0000 0000 0000 0001 
3, 1, 0.001, 0000 0001 0000 0001 
3, 36, 0.036, 0000 0001 1000 0001 
3, 284, 0.284, 0111 1110 1111 1110 
3, 867, 0.867, 0111 1110 0111 1110 
3, 1114, 1.114, 0111 1110 1111 1110 
3, 1739, 1.739, 0111 1110 0111 1110 
3, 2104, 2.104, 0111 1110 1111 1110 
3, 2635, 2.635, 0111 1110 0111 1110 
3, 2927, 2.927, 0111 1110 1111 1110 
3, 3495, 3.495, 0111 1110 0111 1110 
3, 3735, 3.735, 0111 1110 1111 1110 
3, 4337, 4.337, 0000 0001 1000 0001 
3, 4380, 4.38, 0111 1110 1111 1110 
3, 81255, 81.255, 1111 1110 1111 1110 
3, 81667, 81.667, 0111 1110 1111 1110 
3, 81902, 81.902, 0000 0000 0000 0000 
-4, 0, 0.0, 1111 1110 1111 1110 
-4, 1, 0.001, 1000 0001 1000 0001 
-4, 21, 0.021, 1000 0001 0000 0001 
-4, 295, 0.295, 1111 1110 0111 1110 
-4, 791, 0.791, 1111 1110 1111 1110 
-4, 1020, 1.02, 1111 1110 0111 1110 
-4, 1756, 1.756, 1111 1110 1111 1110 
-4, 1922, 1.922, 1111 1110 0111 1110 
-4, 2479, 2.479, 1111 1110 1111 1110 
-4, 2810, 2.81, 1111 1110 0111 1110 
-4, 3518, 3.518, 1111 1110 1111 1110 
-4, 3817, 3.817, 1111 1110 0111 1110 
5, 0, 0.0, 1111 1110 0111 1110 
5, 1, 0.001, 1000 0001 0000 0001 
5, 21, 0.021, 1000 0001 1000 0001 
5, 62, 0.062, 1111 1110 1111 1110 
5, 347, 0.347, 1111 1110 0111 1110 
5, 665, 0.665, 1111 1110 1111 1110 
5, 1239, 1.239, 1111 1110 0111 1110 
5, 1533, 1.533, 1111 1110 1111 1110 
5, 2262, 2.262, 1111 1110 0111 1110 
5, 2500, 2.5, 1111 1110 1111 1110 
5, 3172, 3.172, 1111 1110 0111 1110 
5, 3346, 3.346, 1111 1110 1111 1110 
5, 3836, 3.836, 1111 1110 0111 1110 
5, 4097, 4.097, 1000 0001 0000 0001 
5, 4117, 4.117, 1000 0001 1000 0001 
5, 4158, 4.158, 1111 1110 1111 1110 
5, 40844, 40.844, 0111 1110 1111 1110 
5, 40918, 40.918, 1111 1110 1111 1110 
5, 41287, 41.287, 0111 1110 1111 1110 
5, 41821, 41.821, 1111 1110 1111 1110 
5, 42109, 42.109, 0000 0000 0000 0000 
6, 0, 0.0, 0111 1110 1000 1110 
6, 1, 0.001, 0000 0001 1000 0001 
6, 20, 0.02, 0000 0001 0000 0001 
6, 311, 0.311, 0111 1110 0111 1110 
6, 860, 0.86, 0111 1110 1111 1110 
6, 1101, 1.101, 0111 1110 0111 1110 
6, 1860, 1.86, 0111 1110 1111 1110 
6, 2034, 2.034, 0111 1110 0111 1110 
6, 2610, 2.61, 0111 1110 1111 1110 
6, 2959, 2.959, 0111 1110 0111 1110 
6, 3596, 3.596, 0111 1110 1111 1110 
6, 3892, 3.892, 0111 1110 0111 1110 
6, 81874, 81.874, 1111 1110 0111 1110 
6, 82580, 82.58, 0111 1110 0111 1110 
6, 83302, 83.302, 0000 0000 0000 0000 
7, 0, 0.0, 1000 0001 0000 0001 
7, 20, 0.02, 1000 0001 1000 0001 
7, 231, 0.231, 1111 1110 1111 1110 
7, 737, 0.737, 1111 1110 0111 1110 
7, 947, 0.947, 1111 1110 1111 1110 
7, 1625, 1.625, 1111 1110 0111 1110 
7, 1802, 1.802, 1111 1110 1111 1110 
7, 2320, 2.32, 1111 1110 0111 1110 
7, 2632, 2.632, 1111 1110 1111 1110 
7, 3183, 3.183, 1111 1110 0111 1110 
7, 3446, 3.446, 1111 1110 1111 1110 
7, 4021, 4.021, 1111 1110 0111 1110 
7, 4096, 4.096, 1000 0001 0000 0001 
7, 4116, 4.116, 1000 0001 1000 0001 
7, 4280, 4.28, 1111 1110 1111 1110 
7, 103731, 103.731, 0111 1110 1111 1110 
7, 104099, 104.099, 1111 1110 1111 1110 
7, 104434, 104.434, 0000 0000 0000 0000 
8, 0, 0.0, 0111 1110 1111 1110 
8, 1, 0.001, 0000 0001 1000 0001 
8, 21, 0.021, 0000 0001 0000 0001 
8, 154, 0.154, 0111 1110 0111 1110 
8, 663, 0.663, 0111 1110 1111 1110 
8, 1101, 1.101, 0111 1110 0111 1110 
8, 1793, 1.793, 0111 1110 1111 1110 
8, 1975, 1.975, 0111 1110 0111 1110 
8, 2494, 2.494, 0111 1110 1111 1110 
8, 2840, 2.84, 0111 1110 0111 1110 
8, 3348, 3.348, 0111 1110 1111 1110 
8, 3638, 3.638, 0111 1110 0111 1110 
8, 81591, 81.591, 1111 1110 0111 1110 
8, 81961, 81.961, 0111 1110 0111 1110 
8, 82216, 82.216, 0000 0000 0000 0000 
9, 0, 0.0, 1111 1110 0111 1110 
9, 1, 0.001, 1000 0001 0000 0001 
9, 21, 0.021, 1000 0001 1000 0001 
9, 147, 0.147, 1111 1110 1111 1110 
9, 485, 0.485, 1111 1110 0111 1110 
9, 709, 0.709, 1111 1110 1111 1110 
9, 1341, 1.341, 1111 1110 0111 1110 
9, 1524, 1.524, 1111 1110 1111 1110 
9, 2207, 2.207, 1111 1110 0111 1110 
9, 2343, 2.343, 1111 1110 1111 1110 
9, 2836, 2.836, 1111 1110 0111 1110 
9, 3139, 3.139, 1111 1110 1111 1110 
9, 3704, 3.704, 1111 1110 0111 1110 
9, 3984, 3.984, 1111 1110 1111 1110 
9, 5269, 5.269, 0111 1110 1111 1110 
9, 5443, 5.443, 1111 1110 1111 1110 
9, 5623, 5.623, 0111 1110 1111 1110 
9, 6299, 6.299, 1111 1110 1111 1110 
9, 6444, 6.444, 0000 0000 0000 0000 
10, 0, 0.0, 0111 1110 1111 1110 
10, 1, 0.001, 0000 0001 1000 0001 
10, 21, 0.021, 0000 0001 0000 0001 
10, 154, 0.154, 0111 1110 0111 1110 
10, 626, 0.626, 0111 1110 1111 1110 
10, 857, 0.857, 0111 1110 0111 1110 
10, 1544, 1.544, 0111 1110 1111 1110 
10, 1720, 1.72, 0111 1110 0111 1110 
10, 2268, 2.268, 0111 1110 1111 1110 
10, 2630, 2.63, 0111 1110 0111 1110 
10, 3203, 3.203, 0111 1110 1111 1110 
10, 3510, 3.51, 0111 1110 0111 1110 
10, 4199, 4.199, 0000 0001 0000 0001 
10, 4250, 4.25, 0111 1110 0111 1110 
10, 113336, 113.336, 1111 1110 0111 1110 
10, 113884, 113.884, 0111 1110 0111 1110 
10, 114151, 114.151, 0000 0000 0000 0000 
11, 0, 0.0, 1111 1110 0111 1110 
11, 1, 0.001, 1000 0001 0000 0001 
11, 21, 0.021, 1000 0001 1000 0001 
11, 232, 0.232, 1111 1110 1111 1110 
11, 635, 0.635, 1111 1110 0111 1110 
11, 901, 0.901, 1111 1110 1111 1110 
11, 1659, 1.659, 1111 1110 0111 1110 
11, 1856, 1.856, 1111 1110 1111 1110 
11, 2399, 2.399, 1111 1110 0111 1110 
11, 2779, 2.779, 1111 1110 1111 1110 
11, 3384, 3.384, 1111 1110 0111 1110 
11, 3674, 3.674, 1111 1110 1111 1110 
11, 4299, 4.299, 1000 0001 1000 0001 
11, 4328, 4.328, 1111 1110 1111 1110 
11, 105288, 105.288, 0111 1110 1111 1110 
11, 105960, 105.96, 1111 1110 1111 1110 
11, 106242, 106.242, 0000 0000 0000 0000 
-12, 0, 0.0, 0111 1110 1111 1110 
-12, 1, 0.001, 0000 0001 1000 0001 
-12, 20, 0.02, 0000 0001 0000 0001 
-12, 334, 0.334, 0111 1110 0111 1110 
-12, 989, 0.989, 0111 1110 1111 1110 
-12, 1273, 1.273, 0111 1110 0111 1110 
-12, 1807, 1.807, 0111 1110 1111 1110 
-12, 2190, 2.19, 0111 1110 0111 1110 
-12, 2751, 2.751, 0111 1110 1111 1110 
-12, 3053, 3.053, 0111 1110 0111 1110 
-12, 3702, 3.702, 0111 1110 1111 1110 
-12, 3941, 3.941, 0111 1110 0111 1110 
13, 0, 0.0, 0111 1110 0111 1110 
13, 1, 0.001, 0000 0001 0000 0001 
13, 21, 0.021, 0000 0001 1000 0001 
13, 62, 0.062, 0111 1110 1111 1110 
13, 322, 0.322, 0111 1110 0111 1110 
13, 638, 0.638, 0111 1110 1111 1110 
13, 1262, 1.262, 0111 1110 0111 1110 
13, 1505, 1.505, 0111 1110 1111 1110 
13, 2167, 2.167, 0111 1110 0111 1110 
13, 2383, 2.383, 0111 1110 1111 1110 
13, 3058, 3.058, 0111 1110 0111 1110 
13, 3212, 3.212, 0111 1110 1111 1110 
13, 3688, 3.688, 0111 1110 0111 1110 
13, 4021, 4.021, 0111 1110 1111 1110 
13, 31607, 31.607, 1111 1110 1111 1110 
13, 31713, 31.713, 0111 1110 1111 1110 
13, 31865, 31.865, 1111 1110 1111 1110 
13, 32404, 32.404, 0111 1110 1111 1110 
13, 32770, 32.77, 0000 0000 0000 0000 
14, 0, 0.0, 1111 1110 1111 1110 
14, 1, 0.001, 1000 0001 1000 0001 
14, 21, 0.021, 1000 0001 0000 0001 
14, 638, 0.638, 1111 1110 0111 1110 
14, 1489, 1.489, 1111 1110 1111 1110 
14, 1925, 1.925, 1111 1110 0111 1110 
14, 3061, 3.061, 1111 1110 1111 1110 
14, 3333, 3.333, 1111 1110 0111 1110 
14, 4038, 4.038, 1111 1110 1111 1110 
14, 4097, 4.097, 1000 0001 1000 0001 
14, 4117, 4.117, 1000 0001 0000 0001 
14, 4198, 4.198, 1111 1110 0111 1110 
14, 4685, 4.685, 1000 0001 0000 0001 
14, 4734, 4.734, 1111 1110 0111 1110 
14, 93583, 93.583, 0111 1110 0111 1110 
14, 94139, 94.139, 1111 1110 0111 1110 
14, 94305, 94.305, 0000 0000 0000 0000 
15, 0, 0.0, 0111 1110 0111 1110 
15, 1, 0.001, 0000 0001 0000 0001 
15, 21, 0.021, 0000 0001 1000 0001 
15, 436, 0.436, 0111 1110 1111 1110 
15, 1233, 1.233, 0111 1110 0111 1110 
15, 1705, 1.705, 0111 1110 1111 1110 
15, 2633, 2.633, 0111 1110 0111 1110 
15, 2950, 2.95, 0111 1110 1111 1110 
15, 3584, 3.584, 0111 1110 0111 1110 
15, 3815, 3.815, 0111 1110 1111 1110 
15, 45064, 45.064, 1111 1110 1111 1110 
15, 45802, 45.802, 0111 1110 1111 1110 
15, 45974, 45.974, 0000 0000 0000 0000 
16, 0, 0.0, 1111 1110 1111 1110 
16, 1, 0.001, 1000 0001 1000 0001 
16, 21, 0.021, 1000 0001 0000 0001 
16, 558, 0.558, 1111 1110 0111 1110 
16, 1715, 1.715, 1111 1110 1111 1110 
16, 2727, 2.727, 1111 1110 0111 1110 
16, 85803, 85.803, 0111 1110 0111 1110 
16, 86058, 86.058, 1111 1110 0111 1110 
16, 86226, 86.226, 0111 1110 0111 1110 
16, 86745, 86.745, 1111 1110 0111 1110 
16, 87090, 87.09, 0000 0000 0000 0000 
17, 0, 0.0, 0111 1110 0111 1110 
17, 1, 0.001, 0000 0001 0000 0001 
17, 31, 0.031, 0000 0001 1000 0001 
17, 622, 0.622, 0111 1110 1111 1110 
17, 1748, 1.748, 0111 1110 0111 1110 
17, 2379, 2.379, 0111 1110 1111 1110 
17, 3583, 3.583, 0111 1110 0111 1110 
17, 3826, 3.826, 0111 1110 1111 1110 
17, 4521, 4.521, 0000 0001 1000 0001 
17, 4718, 4.718, 0111 1110 1111 1110 
17, 51164, 51.164, 1111 1110 1111 1110 
17, 51801, 51.801, 0111 1110 1111 1110 
17, 52044, 52.044, 0000 0000 0000 0000 
18, 0, 0.0, 1111 1110 1111 1110 
18, 1, 0.001, 1000 0001 1000 0001 
18, 21, 0.021, 1000 0001 0000 0001 
18, 719, 0.719, 1111 1110 0111 1110 
18, 1986, 1.986, 1111 1110 1111 1110 
18, 2842, 2.842, 1111 1110 0111 1110 
18, 66990, 66.99, 0111 1110 0111 1110 
18, 67643, 67.643, 1111 1110 0111 1110 
18, 67915, 67.915, 0000 0000 0000 0000 
19, 0, 0.0, 0111 1110 0111 1110 
19, 1, 0.001, 0000 0001 0000 0001 
19, 21, 0.021, 0000 0001 1000 0001 
19, 740, 0.74, 0111 1110 1111 1110 
19, 2229, 2.229, 0111 1110 0111 1110 
19, 3041, 3.041, 0111 1110 1111 1110 
19, 4451, 4.451, 0000 0001 1000 0001 
19, 4737, 4.737, 0111 1110 1111 1110 
19, 54144, 54.144, 1111 1110 1111 1110 
19, 54240, 54.24, 0111 1110 1111 1110 
19, 54608, 54.608, 1111 1110 1111 1110 
19, 55144, 55.144, 0111 1110 1111 1110 
19, 55495, 55.495, 0000 0000 0000 0000 
20, 0, 0.0, 1111 1110 1111 1110 
20, 1, 0.001, 1000 0001 1000 0001 
20, 21, 0.021, 1000 0001 0000 0001 
20, 418, 0.418, 1111 1110 0111 1110 
20, 921, 0.921, 1111 1110 1111 1110 
20, 1389, 1.389, 1111 1110 0111 1110 
20, 2210, 2.21, 1111 1110 1111 1110 
20, 2483, 2.483, 1111 1110 0111 1110 
20, 3053, 3.053, 1111 1110 1111 1110 
20, 3279, 3.279, 1111 1110 0111 1110 
20, 3935, 3.935, 1111 1110 1111 1110 
20, 4097, 4.097, 1000 0001 1000 0001 
20, 4117, 4.117, 1000 0001 0000 0001 
20, 4119, 4.119, 1111 1110 0111 1110 
20, 29431, 29.431, 0111 1110 0111 1110 
20, 29927, 29.927, 1111 1110 0111 1110 
20, 30269, 30.269, 0000 0000 0000 0000 
21, 0, 0.0, 0111 1110 0111 1110 
21, 1, 0.001, 0000 0001 0000 0001 
21, 21, 0.021, 0000 0001 1000 0001 
21, 504, 0.504, 0111 1110 1111 1110 
21, 1677, 1.677, 0111 1110 0111 1110 
21, 2838, 2.838, 0111 1110 1111 1110 
21, 58470, 58.47, 1111 1110 1111 1110 
21, 59057, 59.057, 0111 1110 1111 1110 
21, 59387, 59.387, 0000 0000 0000 0000 
22, 0, 0.0, 1111 1110 1111 1110 
22, 1, 0.001, 1000 0001 1000 0001 
22, 21, 0.021, 1000 0001 0000 0001 
22, 225, 0.225, 1111 1110 0111 1110 
22, 764, 0.764, 1111 1110 1111 1110 
22, 993, 0.993, 1111 1110 0111 1110 
22, 1653, 1.653, 1111 1110 1111 1110 
22, 1912, 1.912, 1111 1110 0111 1110 
22, 2487, 2.487, 1111 1110 1111 1110 
22, 2807, 2.807, 1111 1110 0111 1110 
22, 3436, 3.436, 1111 1110 1111 1110 
22, 3707, 3.707, 1111 1110 0111 1110 
22, 76161, 76.161, 0111 1110 0111 1110 
22, 76694, 76.694, 1111 1110 0111 1110 
22, 76969, 76.969, 0000 0000 0000 0000 
23, 0, 0.0, 0111 1110 0111 1110 
23, 1, 0.001, 0000 0001 0000 0001 
23, 21, 0.021, 0000 0001 1000 0001 
23, 237, 0.237, 0111 1110 1111 1110 
23, 793, 0.793, 0111 1110 0111 1110 
23, 1038, 1.038, 0111 1110 1111 1110 
23, 1745, 1.745, 0111 1110 0111 1110 
23, 1907, 1.907, 0111 1110 1111 1110 
23, 2436, 2.436, 0111 1110 0111 1110 
23, 2770, 2.77, 0111 1110 1111 1110 
23, 3373, 3.373, 0111 1110 0111 1110 
23, 3652, 3.652, 0111 1110 1111 1110 
23, 4289, 4.289, 0000 0001 1000 0001 
23, 4333, 4.333, 0111 1110 1111 1110 
23, 72091, 72.091, 1111 1110 1111 1110 
23, 72628, 72.628, 0111 1110 1111 1110 
23, 72913, 72.913, 0000 0000 0000 0000 
24, 0, 0.0, 1111 1110 1111 1110 
24, 1, 0.001, 1000 0001 1000 0001 
24, 21, 0.021, 1000 0001 0000 0001 
24, 524, 0.524, 1111 1110 0111 1110 
24, 1370, 1.37, 1111 1110 1111 1110 
24, 1515, 1.515, 1111 1110 0111 1110 
24, 2053, 2.053, 1111 1110 1111 1110 
24, 2385, 2.385, 1111 1110 0111 1110 
24, 3023, 3.023, 1111 1110 1111 1110 
24, 3295, 3.295, 1111 1110 0111 1110 
24, 3916, 3.916, 1111 1110 1111 1110 
24, 4097, 4.097, 1000 0001 1000 0001 
24, 4117, 4.117, 1000 0001 0000 0001 
24, 4143, 4.143, 1111 1110 0111 1110 
24, 100481, 100.481, 0111 1110 0111 1110 
24, 100614, 100.614, 1111 1110 0111 1110 
24, 101006, 101.006, 0111 1110 0111 1110 
24, 101861, 101.861, 1111 1110 0111 1110 
24, 102174, 102.174, 0000 0000 0000 0000 
-25, 0, 0.0, 0111 1110 0111 1110 
-25, 1, 0.001, 0000 0001 0000 0001 
-25, 21, 0.021, 0000 0001 1000 0001 
-25, 177, 0.177, 0111 1110 1111 1110 
-25, 617, 0.617, 0111 1110 0111 1110 
-25, 876, 0.876, 0111 1110 1111 1110 
-25, 1522, 1.522, 0111 1110 0111 1110 
-25, 1686, 1.686, 0111 1110 1111 1110 
-25, 2156, 2.156, 0111 1110 0111 1110 
-25, 2489, 2.489, 0111 1110 1111 1110 
-25, 3008, 3.008, 0111 1110 0111 1110 
-25, 3294, 3.294, 0111 1110 1111 1110 
-25, 3877, 3.877, 0111 1110 0111 1110 
-25, 4097, 4.097, 0000 0001 0000 0001 
-25, 4117, 4.117, 0000 0001 1000 0001 
-25, 4123, 4.123, 0111 1110 1111 1110 
26, 0, 0.0, 0111 1110 1111 1110 
26, 1, 0.001, 0000 0001 1000 0001 
26, 21, 0.021, 0000 0001 0000 0001 
26, 64, 0.064, 0111 1110 0111 1110 
26, 367, 0.367, 0111 1110 1111 1110 
26, 677, 0.677, 0111 1110 0111 1110 
26, 1215, 1.215, 0111 1110 1111 1110 
26, 1493, 1.493, 0111 1110 0111 1110 
26, 2104, 2.104, 0111 1110 1111 1110 
26, 2325, 2.325, 0111 1110 0111 1110 
26, 2960, 2.96, 0111 1110 1111 1110 
26, 3132, 3.132, 0111 1110 0111 1110 
26, 3786, 3.786, 0111 1110 1111 1110 
26, 4097, 4.097, 0000 0001 1000 0001 
26, 4117, 4.117, 0000 0001 0000 0001 
26, 4122, 4.122, 0111 1110 0111 1110 
26, 77592, 77.592, 1111 1110 0111 1110 
26, 77678, 77.678, 0111 1110 0111 1110 
26, 78016, 78.016, 1111 1110 0111 1110 
26, 78531, 78.531, 0111 1110 0111 1110 
26, 78542, 78.542, 1111 1110 0111 1110 
26, 78544, 78.544, 0111 1110 0111 1110 
26, 78825, 78.825, 0000 0000 0000 0000 
-27, 0, 0.0, 1111 1110 0111 1110 
-27, 1, 0.001, 1000 0001 0000 0001 
-27, 37, 0.037, 1000 0001 1000 0001 
-27, 101, 0.101, 1111 1110 1111 1110 
-27, 546, 0.546, 1111 1110 0111 1110 
-27, 758, 0.758, 1111 1110 1111 1110 
-27, 1423, 1.423, 1111 1110 0111 1110 
-27, 1584, 1.584, 1111 1110 1111 1110 
-27, 2078, 2.078, 1111 1110 0111 1110 
-27, 2425, 2.425, 1111 1110 1111 1110 
-27, 2973, 2.973, 1111 1110 0111 1110 
-27, 3281, 3.281, 1111 1110 1111 1110 
-27, 3853, 3.853, 1111 1110 0111 1110 
-27, 4097, 4.097, 1000 0001 0000 0001 
-27, 4113, 4.113, 1111 1110 1111 1110 
28, 0, 0.0, 1111 1110 1111 1110 
28, 1, 0.001, 1000 0001 1000 0001 
28, 21, 0.021, 1000 0001 0000 0001 
28, 99, 0.099, 1111 1110 0111 1110 
28, 358, 0.358, 1111 1110 1111 1110 
28, 694, 0.694, 1111 1110 0111 1110 
28, 1321, 1.321, 1111 1110 1111 1110 
28, 1601, 1.601, 1111 1110 0111 1110 
28, 2271, 2.271, 1111 1110 1111 1110 
28, 2494, 2.494, 1111 1110 0111 1110 
28, 3191, 3.191, 1111 1110 1111 1110 
28, 3370, 3.37, 1111 1110 0111 1110 
28, 3885, 3.885, 1111 1110 1111 1110 
28, 4097, 4.097, 1000 0001 1000 0001 
28, 4117, 4.117, 1000 0001 0000 0001 
28, 4195, 4.195, 1111 1110 0111 1110 
28, 35496, 35.496, 0111 1110 0111 1110 
28, 36223, 36.223, 1111 1110 0111 1110 
28, 36405, 36.405, 0000 0000 0000 0000 
29, 0, 0.0, 0111 1110 0111 1110 
29, 1, 0.001, 0000 0001 0000 0001 
29, 21, 0.021, 0000 0001 1000 0001 
29, 257, 0.257, 0111 1110 1111 1110 
29, 810, 0.81, 0111 1110 0111 1110 
29, 1057, 1.057, 0111 1110 1111 1110 
29, 1788, 1.788, 0111 1110 0111 1110 
29, 1969, 1.969, 0111 1110 1111 1110 
29, 2510, 2.51, 0111 1110 0111 1110 
29, 2879, 2.879, 0111 1110 1111 1110 
29, 3501, 3.501, 0111 1110 0111 1110 
29, 3794, 3.794, 0111 1110 1111 1110 
29, 15202, 15.202, 1111 1110 1111 1110 
29, 15632, 15.632, 0111 1110 1111 1110 
29, 15929, 15.929, 0000 0000 0000 0000 
30, 0, 0.0, 1111 1110 1111 1110 
30, 1, 0.001, 1000 0001 1000 0001 
30, 21, 0.021, 1000 0001 0000 0001 
30, 279, 0.279, 1111 1110 0111 1110 
30, 836, 0.836, 1111 1110 1111 1110 
30, 1034, 1.034, 1111 1110 0111 1110 
30, 1587, 1.587, 1111 1110 1111 1110 
30, 1952, 1.952, 1111 1110 0111 1110 
30, 2572, 2.572, 1111 1110 1111 1110 
30, 2873, 2.873, 1111 1110 0111 1110 
30, 3504, 3.504, 1111 1110 1111 1110 
30, 3758, 3.758, 1111 1110 0111 1110 
30, 107160, 107.16, 0111 1110 0111 1110 
30, 107823, 107.823, 1111 1110 0111 1110 
30, 108009, 108.009, 0000 0000 0000 0000 
-31, 0, 0.0, 0111 1110 0111 1110 
-31, 1, 0.001, 0000 0001 0000 0001 
-31, 21, 0.021, 0000 0001 1000 0001 
-31, 155, 0.155, 0111 1110 1111 1110 
-31, 631, 0.631, 0111 1110 0111 1110 
-31, 904, 0.904, 0111 1110 1111 1110 
-31, 1555, 1.555, 0111 1110 0111 1110 
-31, 1719, 1.719, 0111 1110 1111 1110 
-31, 2187, 2.187, 0111 1110 0111 1110 
-31, 2526, 2.526, 0111 1110 1111 1110 
-31, 3079, 3.079, 0111 1110 0111 1110 
-31, 3369, 3.369, 0111 1110 1111 1110 
-31, 3943, 3.943, 0111 1110 0111 1110 
-31, 4097, 4.097, 0000 0001 0000 0001 
-31, 4117, 4.117, 0000 0001 1000 0001 
-31, 4193, 4.193, 0111 1110 1111 1110 
32, 0, 0.0, 0111 1110 1111 1110 
32, 1, 0.001, 0000 0001 1000 0001 
32, 20, 0.02, 0000 0001 0000 0001 
32, 207, 0.207, 0111 1110 0111 1110 
32, 584, 0.584, 0111 1110 1111 1110 
32, 848, 0.848, 0111 1110 0111 1110 
32, 1428, 1.428, 0111 1110 1111 1110 
32, 1686, 1.686, 0111 1110 0111 1110 
32, 2431, 2.431, 0111 1110 1111 1110 
32, 2628, 2.628, 0111 1110 0111 1110 
32, 3258, 3.258, 0111 1110 1111 1110 
32, 3484, 3.484, 0111 1110 0111 1110 
32, 4006, 4.006, 0111 1110 1111 1110 
32, 4097, 4.097, 0000 0001 1000 0001 
32, 4116, 4.116, 0000 0001 0000 0001 
32, 4303, 4.303, 0111 1110 0111 1110 
32, 101083, 101.083, 1111 1110 0111 1110 
32, 101425, 101.425, 0111 1110 0111 1110 
32, 101587, 101.587, 1111 1110 0111 1110 
32, 102162, 102.162, 0111 1110 0111 1110 
32, 102500, 102.5, 0000 0000 0000 0000 
33, 0, 0.0, 1111 1110 0111 1110 
33, 1, 0.001, 1000 0001 0000 0001 
33, 20, 0.02, 1000 0001 1000 0001 
33, 434, 0.434, 1111 1110 1111 1110 
33, 1540, 1.54, 1111 1110 0111 1110 
33, 2069, 2.069, 1111 1110 1111 1110 
33, 3445, 3.445, 1111 1110 0111 1110 
33, 3710, 3.71, 1111 1110 1111 1110 
33, 4432, 4.432, 1000 0001 1000 0001 
33, 4530, 4.53, 1111 1110 1111 1110 
33, 71401, 71.401, 0111 1110 1111 1110 
33, 72021, 72.021, 1111 1110 1111 1110 
33, 72326, 72.326, 0000 0000 0000 0000 
34, 0, 0.0, 0000 0001 1000 0001 
34, 35, 0.035, 0000 0001 0000 0001 
34, 498, 0.498, 0111 1110 0111 1110 
34, 1492, 1.492, 0111 1110 1111 1110 
34, 1817, 1.817, 0111 1110 0111 1110 
34, 2887, 2.887, 0111 1110 1111 1110 
34, 3166, 3.166, 0111 1110 0111 1110 
34, 3790, 3.79, 0111 1110 1111 1110 
34, 4013, 4.013, 0111 1110 0111 1110 
34, 81842, 81.842, 1111 1110 0111 1110 
34, 82476, 82.476, 0111 1110 0111 1110 
34, 82663, 82.663, 0000 0000 0000 0000 
35, 0, 0.0, 1111 1110 0111 1110 
35, 1, 0.001, 1000 0001 0000 0001 
35, 21, 0.021, 1000 0001 1000 0001 
35, 614, 0.614, 1111 1110 1111 1110 
35, 1931, 1.931, 1111 1110 0111 1110 
35, 2413, 2.413, 1111 1110 1111 1110 
35, 3500, 3.5, 1111 1110 0111 1110 
35, 3722, 3.722, 1111 1110 1111 1110 
35, 4345, 4.345, 1000 0001 1000 0001 
35, 4542, 4.542, 1111 1110 1111 1110 
35, 32836, 32.836, 0111 1110 1111 1110 
35, 33598, 33.598, 1111 1110 1111 1110 
35, 33746, 33.746, 0000 0000 0000 0000 
36, 0, 0.0, 0111 1110 1111 1110 
36, 1, 0.001, 0000 0001 1000 0001 
36, 20, 0.02, 0000 0001 0000 0001 
36, 342, 0.342, 0111 1110 0111 1110 
36, 1141, 1.141, 0111 1110 1111 1110 
36, 1502, 1.502, 0111 1110 0111 1110 
36, 2594, 2.594, 0111 1110 1111 1110 
36, 2874, 2.874, 0111 1110 0111 1110 
36, 3436, 3.436, 0111 1110 1111 1110 
36, 3693, 3.693, 0111 1110 0111 1110 
36, 4331, 4.331, 0000 0001 0000 0001 
36, 4438, 4.438, 0111 1110 0111 1110 
36, 64354, 64.354, 1111 1110 0111 1110 
36, 64905, 64.905, 0111 1110 0111 1110 
36, 65192, 65.192, 0000 0000 0000 0000 
37, 0, 0.0, 1000 0001 0000 0001 
37, 20, 0.02, 1000 0001 1000 0001 
37, 790, 0.79, 1111 1110 1111 1110 
37, 2043, 2.043, 1111 1110 0111 1110 
37, 2875, 2.875, 1111 1110 1111 1110 
37, 4618, 4.618, 1000 0001 1000 0001 
37, 4886, 4.886, 1111 1110 1111 1110 
37, 37318, 37.318, 0111 1110 1111 1110 
37, 37341, 37.341, 1111 1110 1111 1110 
37, 37693, 37.693, 0111 1110 1111 1110 
37, 38237, 38.237, 1111 1110 1111 1110 
37, 38544, 38.544, 0000 0000 0000 0000 
-38, 0, 0.0, 0000 0001 1000 0001 
-38, 20, 0.02, 0000 0001 0000 0001 
-38, 443, 0.443, 0111 1110 0111 1110 
-38, 1049, 1.049, 0111 1110 1111 1110 
-38, 1568, 1.568, 0111 1110 0111 1110 
-38, 2861, 2.861, 0111 1110 1111 1110 
-38, 3218, 3.218, 0111 1110 0111 1110 
-38, 3918, 3.918, 0111 1110 1111 1110 
-38, 4096, 4.096, 0000 0001 1000 0001 
-38, 4116, 4.116, 0111 1110 0111 1110 
-38, 178567, 178.567, 0111 1110 1111 1110 
-38, 179209, 179.209, 0111 1110 0111 1110 
-38, 179486, 179.486, 0111 1110 1111 1110 
-38, 180128, 180.128, 0111 1110 0111 1110 
-38, 180369, 180.369, 0111 1110 1111 1110 
-38, 181140, 181.14, 0111 1110 0111 1110 
-38, 181320, 181.32, 0111 1110 1111 1110 
-38, 181911, 181.911, 0111 1110 0111 1110 
-38, 182224, 182.224, 0111 1110 1111 1110 
39, 0, 0.0, 0111 1110 1111 1110 
39, 1, 0.001, 0000 0001 1000 0001 
39, 21, 0.021, 0000 0001 0000 0001 
39, 78, 0.078, 0111 1110 0111 1110 
39, 313, 0.313, 0111 1110 1111 1110 
39, 650, 0.65, 0111 1110 0111 1110 
39, 1286, 1.286, 0111 1110 1111 1110 
39, 1561, 1.561, 0111 1110 0111 1110 
39, 2246, 2.246, 0111 1110 1111 1110 
39, 2492, 2.492, 0111 1110 0111 1110 
39, 3211, 3.211, 0111 1110 1111 1110 
39, 3402, 3.402, 0111 1110 0111 1110 
39, 3935, 3.935, 0111 1110 1111 1110 
39, 4097, 4.097, 0000 0001 1000 0001 
39, 4117, 4.117, 0000 0001 0000 0001 
39, 4174, 4.174, 0111 1110 0111 1110 
39, 30330, 30.33, 1111 1110 0111 1110 
39, 30931, 30.931, 0111 1110 0111 1110 
39, 31142, 31.142, 0000 0000 0000 0000 
40, 0, 0.0, 1111 1110 0111 1110 
40, 1, 0.001, 1000 0001 0000 0001 
40, 21, 0.021, 1000 0001 1000 0001 
40, 261, 0.261, 1111 1110 1111 1110 
40, 719, 0.719, 1111 1110 0111 1110 
40, 931, 0.931, 1111 1110 1111 1110 
40, 1452, 1.452, 1111 1110 0111 1110 
40, 1845, 1.845, 1111 1110 1111 1110 
40, 2402, 2.402, 1111 1110 0111 1110 
40, 2744, 2.744, 1111 1110 1111 1110 
40, 3293, 3.293, 1111 1110 0111 1110 
40, 3551, 3.551, 1111 1110 1111 1110 
40, 54636, 54.636, 0111 1110 1111 1110 
40, 55162, 55.162, 1111 1110 1111 1110 
40, 55167, 55.167, 0111 1110 1111 1110 
40, 55187, 55.187, 1111 1110 1111 1110 
40, 55500, 55.5, 0000 0000 0000 0000 
41, 0, 0.0, 0111 1110 1111 1110 
41, 1, 0.001, 0000 0001 1000 0001 
41, 21, 0.021, 0000 0001 0000 0001 
41, 281, 0.281, 0111 1110 0111 1110 
41, 937, 0.937, 0111 1110 1111 1110 
41, 1229, 1.229, 0111 1110 0111 1110 
41, 2115, 2.115, 0111 1110 1111 1110 
41, 2501, 2.501, 0111 1110 0111 1110 
41, 3195, 3.195, 0111 1110 1111 1110 
41, 3543, 3.543, 0111 1110 0111 1110 
41, 4178, 4.178, 0000 0001 0000 0001 
41, 4377, 4.377, 0111 1110 0111 1110 
41, 98618, 98.618, 1111 1110 0111 1110 
41, 98709, 98.709, 0111 1110 0111 1110 
41, 98964, 98.964, 1111 1110 0111 1110 
41, 99698, 99.698, 0111 1110 0111 1110 
41, 99895, 99.895, 0000 0000 0000 0000 
42, 0, 0.0, 1111 1110 0111 1110 
42, 1, 0.001, 1000 0001 0000 0001 
42, 21, 0.021, 1000 0001 1000 0001 
42, 271, 0.271, 1111 1110 1111 1110 
42, 781, 0.781, 1111 1110 0111 1110 
42, 999, 0.999, 1111 1110 1111 1110 
42, 1722, 1.722, 1111 1110 0111 1110 
42, 1893, 1.893, 1111 1110 1111 1110 
42, 2444, 2.444, 1111 1110 0111 1110 
42, 2781, 2.781, 1111 1110 1111 1110 
42, 3385, 3.385, 1111 1110 0111 1110 
42, 3661, 3.661, 1111 1110 1111 1110 
42, 4278, 4.278, 1000 0001 1000 0001 
42, 4367, 4.367, 1111 1110 1111 1110 
42, 66178, 66.178, 0111 1110 1111 1110 
42, 66402, 66.402, 1111 1110 1111 1110 
42, 66579, 66.579, 0111 1110 1111 1110 
42, 67255, 67.255, 1111 1110 1111 1110 
42, 67447, 67.447, 0000 0000 0000 0000 
43, 0, 0.0, 0111 1110 1111 1110 
43, 1, 0.001, 0000 0001 1000 0001 
43, 20, 0.02, 0000 0001 0000 0001 
43, 130, 0.13, 0111 1110 0111 1110 
43, 640, 0.64, 0111 1110 1111 1110 
43, 845, 0.845, 0111 1110 0111 1110 
43, 1555, 1.555, 0111 1110 1111 1110 
43, 1703, 1.703, 0111 1110 0111 1110 
43, 2203, 2.203, 0111 1110 1111 1110 
43, 2540, 2.54, 0111 1110 0111 1110 
43, 3095, 3.095, 0111 1110 1111 1110 
43, 3394, 3.394, 0111 1110 0111 1110 
43, 4054, 4.054, 0111 1110 1111 1110 
43, 4097, 4.097, 0000 0001 1000 0001 
43, 4116, 4.116, 0000 0001 0000 0001 
43, 4226, 4.226, 0111 1110 0111 1110 
43, 56166, 56.166, 1111 1110 0111 1110 
43, 56499, 56.499, 0111 1110 0111 1110 
43, 56776, 56.776, 1111 1110 0111 1110 
43, 57445, 57.445, 0111 1110 0111 1110 
43, 57661, 57.661, 0000 0000 0000 0000 
-44, 0, 0.0, 1111 1110 0111 1110 
-44, 1, 0.001, 1000 0001 0000 0001 
-44, 21, 0.021, 1000 0001 1000 0001 
-44, 99, 0.099, 1111 1110 1111 1110 
-44, 479, 0.479, 1111 1110 0111 1110 
-44, 755, 0.755, 1111 1110 1111 1110 
-44, 1611, 1.611, 1111 1110 0111 1110 
-44, 1783, 1.783, 1111 1110 1111 1110 
-44, 2317, 2.317, 1111 1110 0111 1110 
-44, 2596, 2.596, 1111 1110 1111 1110 
-44, 3115, 3.115, 1111 1110 0111 1110 
-44, 3426, 3.426, 1111 1110 1111 1110 
-44, 4026, 4.026, 1111 1110 0111 1110 
-44, 4097, 4.097, 1000 0001 0000 0001 
-44, 4117, 4.117, 1000 0001 1000 0001 
-44, 4195, 4.195, 1111 1110 1111 1110 
45, 0, 0.0, 1000 0001 1000 0001 
45, 20, 0.02, 1000 0001 0000 0001 
45, 77, 0.077, 1111 1110 0111 1110 
45, 321, 0.321, 1111 1110 1111 1110 
45, 656, 0.656, 1111 1110 0111 1110 
45, 1295, 1.295, 1111 1110 1111 1110 
45, 1568, 1.568, 1111 1110 0111 1110 
45, 2216, 2.216, 1111 1110 1111 1110 
45, 2452, 2.452, 1111 1110 0111 1110 
45, 3153, 3.153, 1111 1110 1111 1110 
45, 3358, 3.358, 1111 1110 0111 1110 
45, 3868, 3.868, 1111 1110 1111 1110 
45, 4096, 4.096, 1000 0001 1000 0001 
45, 4116, 4.116, 1000 0001 0000 0001 
45, 4173, 4.173, 1111 1110 0111 1110 
45, 4736, 4.736, 0111 1110 0111 1110 
45, 4792, 4.792, 1111 1110 0111 1110 
45, 5087, 5.087, 0111 1110 0111 1110 
45, 5737, 5.737, 1111 1110 0111 1110 
45, 5999, 5.999, 0000 0000 0000 0000 
46, 0, 0.0, 0111 1110 0111 1110 
46, 1, 0.001, 0000 0001 0000 0001 
46, 21, 0.021, 0000 0001 1000 0001 
46, 243, 0.243, 0111 1110 1111 1110 
46, 910, 0.91, 0111 1110 0111 1110 
46, 1157, 1.157, 0111 1110 1111 1110 
46, 2067, 2.067, 0111 1110 0111 1110 
46, 2229, 2.229, 0111 1110 1111 1110 
46, 2803, 2.803, 0111 1110 0111 1110 
46, 3150, 3.15, 0111 1110 1111 1110 
46, 3730, 3.73, 0111 1110 0111 1110 
46, 3991, 3.991, 0111 1110 1111 1110 
46, 45922, 45.922, 1111 1110 1111 1110 
46, 46281, 46.281, 0111 1110 1111 1110 
46, 46456, 46.456, 1111 1110 1111 1110 
46, 47115, 47.115, 0111 1110 1111 1110 
46, 47267, 47.267, 0000 0000 0000 0000 
47, 0, 0.0, 1111 1110 1111 1110 
47, 1, 0.001, 1000 0001 1000 0001 
47, 21, 0.021, 1000 0001 0000 0001 
47, 140, 0.14, 1111 1110 0111 1110 
47, 623, 0.623, 1111 1110 1111 1110 
47, 937, 0.937, 1111 1110 0111 1110 
47, 1862, 1.862, 1111 1110 1111 1110 
47, 1998, 1.998, 1111 1110 0111 1110 
47, 2489, 2.489, 1111 1110 1111 1110 
47, 2811, 2.811, 1111 1110 0111 1110 
47, 3360, 3.36, 1111 1110 1111 1110 
47, 3628, 3.628, 1111 1110 0111 1110 
47, 4215, 4.215, 1000 0001 0000 0001 
47, 4236, 4.236, 1111 1110 0111 1110 
47, 13288, 13.288, 0111 1110 0111 1110 
47, 13350, 13.35, 1111 1110 0111 1110 
47, 13525, 13.525, 0111 1110 0111 1110 
47, 14228, 14.228, 1111 1110 0111 1110 
47, 14490, 14.49, 0000 0000 0000 0000 
48, 0, 0.0, 0111 1110 0111 1110 
48, 1, 0.001, 0000 0001 0000 0001 
48, 20, 0.02, 0000 0001 1000 0001 
48, 92, 0.092, 0111 1110 1111 1110 
48, 444, 0.444, 0111 1110 0111 1110 
48, 644, 0.644, 0111 1110 1111 1110 
48, 1327, 1.327, 0111 1110 0111 1110 
48, 1488, 1.488, 0111 1110 1111 1110 
48, 1975, 1.975, 0111 1110 0111 1110 
48, 2309, 2.309, 0111 1110 1111 1110 
48, 2857, 2.857, 0111 1110 0111 1110 
48, 3141, 3.141, 0111 1110 1111 1110 
48, 3741, 3.741, 0111 1110 0111 1110 
48, 3989, 3.989, 0111 1110 1111 1110 
48, 141558, 141.558, 1111 1110 1111 1110 
48, 142105, 142.105, 0111 1110 1111 1110 
48, 142393, 142.393, 0000 0000 0000 0000 
49, 0, 0.0, 1111 1110 1111 1110 
49, 1, 0.001, 1000 0001 1000 0001 
49, 28, 0.028, 1000 0001 0000 0001 
49, 250, 0.25, 1111 1110 0111 1110 
49, 713, 0.713, 1111 1110 1111 1110 
49, 1059, 1.059, 1111 1110 0111 1110 
49, 1759, 1.759, 1111 1110 1111 1110 
49, 1937, 1.937, 1111 1110 0111 1110 
49, 2501, 2.501, 1111 1110 1111 1110 
49, 2868, 2.868, 1111 1110 0111 1110 
49, 3449, 3.449, 1111 1110 1111 1110 
49, 3735, 3.735, 1111 1110 0111 1110 
49, 43504, 43.504, 0111 1110 0111 1110 
49, 43521, 43.521, 1111 1110 0111 1110 
49, 43901, 43.901, 0111 1110 0111 1110 
49, 44618, 44.618, 1111 1110 0111 1110 
49, 44889, 44.889, 0000 0000 0000 0000 
-50, 0, 0.0, 0111 1110 0111 1110 
-50, 1, 0.001, 0000 0001 0000 0001 
-50, 20, 0.02, 0000 0001 1000 0001 
-50, 249, 0.249, 0111 1110 1111 1110 
-50, 783, 0.783, 0111 1110 0111 1110 
-50, 1007, 1.007, 0111 1110 1111 1110 
-50, 1749, 1.749, 0111 1110 0111 1110 
-50, 1910, 1.91, 0111 1110 1111 1110 
-50, 2434, 2.434, 0111 1110 0111 1110 
-50, 2793, 2.793, 0111 1110 1111 1110 
-50, 3437, 3.437, 0111 1110 0111 1110 
-50, 3739, 3.739, 0111 1110 1111 1110 
51, 0, 0.0, 0111 1110 1111 1110 
51, 1, 0.001, 0000 0001 1000 0001 
51, 21, 0.021, 0000 0001 0000 0001 
51, 64, 0.064, 0111 1110 0111 1110 
51, 329, 0.329, 0111 1110 1111 1110 
51, 644, 0.644, 0111 1110 0111 1110 
51, 1178, 1.178, 0111 1110 1111 1110 
51, 1431, 1.431, 0111 1110 0111 1110 
51, 2056, 2.056, 0111 1110 1111 1110 
51, 2272, 2.272, 0111 1110 0111 1110 
51, 2911, 2.911, 0111 1110 1111 1110 
51, 3102, 3.102, 0111 1110 0111 1110 
51, 3722, 3.722, 0111 1110 1111 1110 
51, 3924, 3.924, 0111 1110 0111 1110 
51, 19811, 19.811, 1111 1110 0111 1110 
51, 20211, 20.211, 0111 1110 0111 1110 
51, 20565, 20.565, 0000 0000 0000 0000 
52, 0, 0.0, 1111 1110 0111 1110 
52, 1, 0.001, 1000 0001 0000 0001 
52, 21, 0.021, 1000 0001 1000 0001 
52, 533, 0.533, 1111 1110 1111 1110 
52, 1389, 1.389, 1111 1110 0111 1110 
52, 2285, 2.285, 1111 1110 1111 1110 
52, 3965, 3.965, 1111 1110 0111 1110 
52, 4097, 4.097, 1000 0001 0000 0001 
52, 4117, 4.117, 1000 0001 1000 0001 
52, 4459, 4.459, 1111 1110 1111 1110 
52, 83693, 83.693, 0111 1110 1111 1110 
52, 83982, 83.982, 1111 1110 1111 1110 
52, 84299, 84.299, 0111 1110 1111 1110 
52, 84886, 84.886, 1111 1110 1111 1110 
52, 85157, 85.157, 0000 0000 0000 0000 
53, 0, 0.0, 0000 0000 1000 0001 
53, 1, 0.001, 0000 0001 1000 0001 
53, 36, 0.036, 0000 0001 0000 0001 
53, 328, 0.328, 0111 1110 0111 1110 
53, 846, 0.846, 0111 1110 1111 1110 
53, 1314, 1.314, 0111 1110 0111 1110 
53, 2154, 2.154, 0111 1110 1111 1110 
53, 2461, 2.461, 0111 1110 0111 1110 
53, 3227, 3.227, 0111 1110 1111 1110 
53, 3427, 3.427, 0111 1110 0111 1110 
53, 4072, 4.072, 0111 1110 1111 1110 
53, 4096, 4.096, 0000 0000 1000 0001 
53, 4097, 4.097, 0000 0001 1000 0001 
53, 4132, 4.132, 0000 0001 0000 0001 
53, 4241, 4.241, 0111 1110 0111 1110 
53, 10143, 10.143, 1111 1110 0111 1110 
53, 10699, 10.699, 0111 1110 0111 1110 
53, 10927, 10.927, 0000 0000 0000 0000 
54, 0, 0.0, 1111 1110 0111 1110 
54, 1, 0.001, 1000 0001 0000 0001 
54, 21, 0.021, 1000 0001 1000 0001 
54, 770, 0.77, 1111 1110 1111 1110 
54, 2229, 2.229, 1111 1110 0111 1110 
54, 3161, 3.161, 1111 1110 1111 1110 
54, 4859, 4.859, 1000 0001 1000 0001 
54, 4866, 4.866, 1111 1110 1111 1110 
54, 35294, 35.294, 0111 1110 1111 1110 
54, 35564, 35.564, 1111 1110 1111 1110 
54, 35793, 35.793, 0111 1110 1111 1110 
54, 36550, 36.55, 1111 1110 1111 1110 
54, 36705, 36.705, 0000 0000 0000 0000 
55, 0, 0.0, 0111 1110 1111 1110 
55, 1, 0.001, 0000 0001 1000 0001 
55, 98, 0.098, 0000 0001 0000 0001 
55, 726, 0.726, 0111 1110 0111 1110 
55, 1950, 1.95, 0111 1110 1111 1110 
55, 2490, 2.49, 0111 1110 0111 1110 
55, 3854, 3.854, 0111 1110 1111 1110 
55, 4097, 4.097, 0000 0001 1000 0001 
55, 4194, 4.194, 0000 0001 0000 0001 
55, 4214, 4.214, 0111 1110 0111 1110 
55, 40784, 40.784, 1111 1110 0111 1110 
55, 41563, 41.563, 0111 1110 0111 1110 
55, 41714, 41.714, 0000 0000 0000 0000 
56, 0, 0.0, 1000 0001 0000 0001 
56, 20, 0.02, 1000 0001 1000 0001 
56, 203, 0.203, 1111 1110 1111 1110 
56, 835, 0.835, 1111 1110 0111 1110 
56, 1164, 1.164, 1111 1110 1111 1110 
56, 2061, 2.061, 1111 1110 0111 1110 
56, 2218, 2.218, 1111 1110 1111 1110 
56, 2715, 2.715, 1111 1110 0111 1110 
56, 3019, 3.019, 1111 1110 1111 1110 
56, 3628, 3.628, 1111 1110 0111 1110 
56, 3888, 3.888, 1111 1110 1111 1110 
56, 87905, 87.905, 0111 1110 1111 1110 
56, 88415, 88.415, 1111 1110 1111 1110 
56, 88756, 88.756, 0000 0000 0000 0000 
57, 0, 0.0, 0111 1110 1111 1110 
57, 1, 0.001, 0000 0001 1000 0001 
57, 21, 0.021, 0000 0001 0000 0001 
57, 595, 0.595, 0111 1110 0111 1110 
57, 1974, 1.974, 0111 1110 1111 1110 
57, 2972, 2.972, 0111 1110 0111 1110 
57, 43318, 43.318, 1111 1110 0111 1110 
57, 43713, 43.713, 0111 1110 0111 1110 
57, 43956, 43.956, 0000 0000 0000 0000 
58, 0, 0.0, 1111 1110 0111 1110 
58, 1, 0.001, 1000 0001 0000 0001 
58, 21, 0.021, 1000 0001 1000 0001 
58, 438, 0.438, 1111 1110 1111 1110 
58, 1077, 1.077, 1111 1110 0111 1110 
58, 1541, 1.541, 1111 1110 1111 1110 
58, 2446, 2.446, 1111 1110 0111 1110 
58, 2705, 2.705, 1111 1110 1111 1110 
58, 3311, 3.311, 1111 1110 0111 1110 
58, 3525, 3.525, 1111 1110 1111 1110 
58, 4192, 4.192, 1000 0001 1000 0001 
58, 4432, 4.432, 1111 1110 1111 1110 
58, 81944, 81.944, 0111 1110 1111 1110 
58, 82376, 82.376, 1111 1110 1111 1110 
58, 82577, 82.577, 0111 1110 1111 1110 
58, 83140, 83.14, 1111 1110 1111 1110 
58, 83496, 83.496, 0000 0000 0000 0000 
59, 0, 0.0, 0111 1110 1111 1110 
59, 1, 0.001, 0000 0001 1000 0001 
59, 37, 0.037, 0000 0001 0000 0001 
59, 786, 0.786, 0111 1110 0111 1110 
59, 2403, 2.403, 0111 1110 1111 1110 
59, 3440, 3.44, 0111 1110 0111 1110 
59, 23613, 23.613, 1111 1110 0111 1110 
59, 23704, 23.704, 0111 1110 0111 1110 
59, 23960, 23.96, 1111 1110 0111 1110 
59, 24648, 24.648, 0111 1110 0111 1110 
59, 24864, 24.864, 0000 0000 0000 0000 
60, 0, 0.0, 1111 1110 0111 1110 
60, 1, 0.001, 1000 0001 0000 0001 
60, 20, 0.02, 1000 0001 1000 0001 
60, 584, 0.584, 1111 1110 1111 1110 
60, 1848, 1.848, 1111 1110 0111 1110 
60, 2482, 2.482, 1111 1110 1111 1110 
60, 3702, 3.702, 1111 1110 0111 1110 
60, 4053, 4.053, 1111 1110 1111 1110 
60, 60414, 60.414, 0111 1110 1111 1110 
60, 60851, 60.851, 1111 1110 1111 1110 
60, 61074, 61.074, 0000 0000 0000 0000 
61, 0, 0.0, 0111 1110 1111 1110 
61, 1, 0.001, 0000 0001 1000 0001 
61, 37, 0.037, 0000 0001 0000 0001 
61, 292, 0.292, 0111 1110 0111 1110 
61, 805, 0.805, 0111 1110 1111 1110 
61, 1031, 1.031, 0111 1110 0111 1110 
61, 1613, 1.613, 0111 1110 1111 1110 
61, 1970, 1.97, 0111 1110 0111 1110 
61, 2571, 2.571, 0111 1110 1111 1110 
61, 2573, 2.573, 0111 1110 0111 1110 
61, 2575, 2.575, 0111 1110 1111 1110 
61, 2886, 2.886, 0111 1110 0111 1110 
61, 3489, 3.489, 0111 1110 1111 1110 
61, 3760, 3.76, 0111 1110 0111 1110 
61, 43300, 43.3, 1111 1110 0111 1110 
61, 43841, 43.841, 0111 1110 0111 1110 
61, 44123, 44.123, 0000 0000 0000 0000 
-62, 0, 0.0, 1111 1110 0111 1110 
-62, 1, 0.001, 1000 0001 0000 0001 
-62, 21, 0.021, 1000 0001 1000 0001 
-62, 370, 0.37, 1111 1110 1111 1110 
-62, 932, 0.932, 1111 1110 0111 1110 
-62, 1125, 1.125, 1111 1110 1111 1110 
-62, 1874, 1.874, 1111 1110 0111 1110 
-62, 2282, 2.282, 1111 1110 1111 1110 
-62, 2850, 2.85, 1111 1110 0111 1110 
-62, 3129, 3.129, 1111 1110 1111 1110 
-62, 3731, 3.731, 1111 1110 0111 1110 
-62, 3958, 3.958, 1111 1110 1111 1110 
63, 0, 0.0, 1111 1110 1111 1110 
63, 1, 0.001, 1000 0001 1000 0001 
63, 20, 0.02, 1000 0001 0000 0001 
63, 72, 0.072, 1111 1110 0111 1110 
63, 416, 0.416, 1111 1110 1111 1110 
63, 766, 0.766, 1111 1110 0111 1110 
63, 1474, 1.474, 1111 1110 1111 1110 
63, 1733, 1.733, 1111 1110 0111 1110 
63, 2376, 2.376, 1111 1110 1111 1110 
63, 2577, 2.577, 1111 1110 0111 1110 
63, 3271, 3.271, 1111 1110 1111 1110 
63, 3436, 3.436, 1111 1110 0111 1110 
63, 4013, 4.013, 1111 1110 1111 1110 
63, 4097, 4.097, 1000 0001 1000 0001 
63, 4116, 4.116, 1000 0001 0000 0001 
63, 4168, 4.168, 1111 1110 0111 1110 
63, 19816, 19.816, 0111 1110 0111 1110 
63, 20087, 20.087, 1111 1110 0111 1110 
63, 20465, 20.465, 0000 0000 0000 0000 
64, 0, 0.0, 0111 1110 0111 1110 
64, 1, 0.001, 0000 0001 0000 0001 
64, 21, 0.021, 0000 0001 1000 0001 
64, 176, 0.176, 0111 1110 1111 1110 
64, 679, 0.679, 0111 1110 0111 1110 
64, 952, 0.952, 0111 1110 1111 1110 
64, 1680, 1.68, 0111 1110 0111 1110 
64, 1873, 1.873, 0111 1110 1111 1110 
64, 2411, 2.411, 0111 1110 0111 1110 
64, 2770, 2.77, 0111 1110 1111 1110 
64, 3369, 3.369, 0111 1110 0111 1110 
64, 3691, 3.691, 0111 1110 1111 1110 
64, 103306, 103.306, 1111 1110 1111 1110 
64, 104019, 104.019, 0111 1110 1111 1110 
64, 104192, 104.192, 0000 0000 0000 0000 
65, 0, 0.0, 1111 1110 1111 1110 
65, 1, 0.001, 1000 0001 1000 0001 
65, 21, 0.021, 1000 0001 0000 0001 
65, 223, 0.223, 1111 1110 0111 1110 
65, 677, 0.677, 1111 1110 1111 1110 
65, 888, 0.888, 1111 1110 0111 1110 
65, 1643, 1.643, 1111 1110 1111 1110 
65, 1813, 1.813, 1111 1110 0111 1110 
65, 2370, 2.37, 1111 1110 1111 1110 
65, 2699, 2.699, 1111 1110 0111 1110 
65, 3302, 3.302, 1111 1110 1111 1110 
65, 3595, 3.595, 1111 1110 0111 1110 
65, 4246, 4.246, 1000 0001 0000 0001 
65, 4319, 4.319, 1111 1110 0111 1110 
65, 79839, 79.839, 0111 1110 0111 1110 
65, 80119, 80.119, 1111 1110 0111 1110 
65, 80537, 80.537, 0111 1110 0111 1110 
65, 81220, 81.22, 1111 1110 0111 1110 
65, 81491, 81.491, 0000 0000 0000 0000 
66, 0, 0.0, 0111 1110 0111 1110 
66, 1, 0.001, 0000 0001 0000 0001 
66, 21, 0.021, 0000 0001 1000 0001 
66, 253, 0.253, 0111 1110 1111 1110 
66, 722, 0.722, 0111 1110 0111 1110 
66, 996, 0.996, 0111 1110 1111 1110 
66, 1754, 1.754, 0111 1110 0111 1110 
66, 1940, 1.94, 0111 1110 1111 1110 
66, 2492, 2.492, 0111 1110 0111 1110 
66, 2871, 2.871, 0111 1110 1111 1110 
66, 3453, 3.453, 0111 1110 0111 1110 
66, 3763, 3.763, 0111 1110 1111 1110 
66, 77800, 77.8, 1111 1110 1111 1110 
66, 78467, 78.467, 0111 1110 1111 1110 
66, 78698, 78.698, 0000 0000 0000 0000 
67, 0, 0.0, 1111 1110 1111 1110 
67, 1, 0.001, 1000 0001 1000 0001 
67, 21, 0.021, 1000 0001 0000 0001 
67, 207, 0.207, 1111 1110 0111 1110 
67, 681, 0.681, 1111 1110 1111 1110 
67, 913, 0.913, 1111 1110 0111 1110 
67, 1621, 1.621, 1111 1110 1111 1110 
67, 1807, 1.807, 1111 1110 0111 1110 
67, 2344, 2.344, 1111 1110 1111 1110 
67, 2706, 2.706, 1111 1110 0111 1110 
67, 3360, 3.36, 1111 1110 1111 1110 
67, 3659, 3.659, 1111 1110 0111 1110 
67, 4272, 4.272, 1000 0001 0000 0001 
67, 4303, 4.303, 1111 1110 0111 1110 
67, 29544, 29.544, 0111 1110 0111 1110 
67, 30148, 30.148, 1111 1110 0111 1110 
67, 30312, 30.312, 0000 0000 0000 0000 
68, 0, 0.0, 0111 1110 0111 1110 
68, 1, 0.001, 0000 0001 0000 0001 
68, 20, 0.02, 0000 0001 1000 0001 
68, 73, 0.073, 0111 1110 1111 1110 
68, 968, 0.968, 0111 1110 0111 1110 
68, 1434, 1.434, 0111 1110 1111 1110 
68, 2265, 2.265, 0111 1110 0111 1110 
68, 2412, 2.412, 0111 1110 1111 1110 
68, 3010, 3.01, 0111 1110 0111 1110 
68, 3320, 3.32, 0111 1110 1111 1110 
68, 3953, 3.953, 0111 1110 0111 1110 
68, 4097, 4.097, 0000 0001 0000 0001 
68, 4116, 4.116, 0000 0001 1000 0001 
68, 4169, 4.169, 0111 1110 1111 1110 
68, 59025, 59.025, 1111 1110 1111 1110 
68, 59129, 59.129, 0111 1110 1111 1110 
68, 59308, 59.308, 1111 1110 1111 1110 
68, 59802, 59.802, 0111 1110 1111 1110 
68, 60155, 60.155, 0000 0000 0000 0000 
69, 0, 0.0, 1111 1110 1111 1110 
69, 1, 0.001, 1000 0001 1000 0001 
69, 20, 0.02, 1000 0001 0000 0001 
69, 330, 0.33, 1111 1110 0111 1110 
69, 823, 0.823, 1111 1110 1111 1110 
69, 1086, 1.086, 1111 1110 0111 1110 
69, 1839, 1.839, 1111 1110 1111 1110 
69, 2043, 2.043, 1111 1110 0111 1110 
69, 2606, 2.606, 1111 1110 1111 1110 
69, 2941, 2.941, 1111 1110 0111 1110 
69, 3526, 3.526, 1111 1110 1111 1110 
69, 3797, 3.797, 1111 1110 0111 1110 
69, 77361, 77.361, 0111 1110 0111 1110 
69, 77869, 77.869, 1111 1110 0111 1110 
69, 77870, 77.87, 0111 1110 0111 1110 
69, 77873, 77.873, 1111 1110 0111 1110 
69, 78124, 78.124, 0000 0000 0000 0000 
70, 0, 0.0, 0111 1110 0111 1110 
70, 1, 0.001, 0000 0001 0000 0001 
70, 21, 0.021, 0000 0001 1000 0001 
70, 158, 0.158, 0111 1110 1111 1110 
70, 664, 0.664, 0111 1110 0111 1110 
70, 858, 0.858, 0111 1110 1111 1110 
70, 1366, 1.366, 0111 1110 0111 1110 
70, 1722, 1.722, 0111 1110 1111 1110 
70, 2248, 2.248, 0111 1110 0111 1110 
70, 2544, 2.544, 0111 1110 1111 1110 
70, 3116, 3.116, 0111 1110 0111 1110 
70, 3372, 3.372, 0111 1110 1111 1110 
70, 3999, 3.999, 0111 1110 0111 1110 
70, 4097, 4.097, 0000 0001 0000 0001 
70, 4117, 4.117, 0000 0001 1000 0001 
70, 4208, 4.208, 0111 1110 1111 1110 
70, 66470, 66.47, 1111 1110 1111 1110 
70, 66693, 66.693, 0111 1110 1111 1110 
70, 66841, 66.841, 1111 1110 1111 1110 
70, 67356, 67.356, 0111 1110 1111 1110 
70, 67686, 67.686, 0000 0000 0000 0000 
71, 0, 0.0, 1111 1110 1111 1110 
71, 1, 0.001, 1000 0001 1000 0001 
71, 21, 0.021, 1000 0001 0000 0001 
71, 323, 0.323, 1111 1110 0111 1110 
71, 1146, 1.146, 1111 1110 1111 1110 
71, 1539, 1.539, 1111 1110 0111 1110 
71, 2388, 2.388, 1111 1110 1111 1110 
71, 2684, 2.684, 1111 1110 0111 1110 
71, 3291, 3.291, 1111 1110 1111 1110 
71, 3534, 3.534, 1111 1110 0111 1110 
71, 4220, 4.22, 1000 0001 0000 0001 
71, 4419, 4.419, 1111 1110 0111 1110 
71, 84194, 84.194, 0111 1110 0111 1110 
71, 84352, 84.352, 1111 1110 0111 1110 
71, 84662, 84.662, 0111 1110 0111 1110 
71, 85310, 85.31, 1111 1110 0111 1110 
71, 85574, 85.574, 0000 0000 0000 0000 
72, 0, 0.0, 0111 1110 0111 1110 
72, 1, 0.001, 0000 0001 0000 0001 
72, 21, 0.021, 0000 0001 1000 0001 
72, 716, 0.716, 0111 1110 1111 1110 
72, 1552, 1.552, 0111 1110 0111 1110 
72, 2085, 2.085, 0111 1110 1111 1110 
72, 3395, 3.395, 0111 1110 0111 1110 
72, 3786, 3.786, 0111 1110 1111 1110 
72, 4724, 4.724, 0000 0001 1000 0001 
72, 4725, 4.725, 0111 1110 1111 1110 
72, 4730, 4.73, 0000 0001 1000 0001 
72, 4812, 4.812, 0111 1110 1111 1110 
72, 64492, 64.492, 1111 1110 1111 1110 
72, 64830, 64.83, 0111 1110 1111 1110 
72, 65056, 65.056, 1111 1110 1111 1110 
72, 65687, 65.687, 0111 1110 1111 1110 
72, 65896, 65.896, 0000 0000 0000 0000 
73, 0, 0.0, 1111 1110 1111 1110 
73, 1, 0.001, 1000 0001 1000 0001 
73, 20, 0.02, 1000 0001 0000 0001 
73, 486, 0.486, 1111 1110 0111 1110 
73, 1799, 1.799, 1111 1110 1111 1110 
73, 2774, 2.774, 1111 1110 0111 1110 
73, 78128, 78.128, 0111 1110 0111 1110 
73, 78216, 78.216, 1111 1110 0111 1110 
73, 78409, 78.409, 0111 1110 0111 1110 
73, 79107, 79.107, 1111 1110 0111 1110 
73, 79253, 79.253, 0000 0000 0000 0000 
74, 0, 0.0, 0111 1110 0111 1110 
74, 1, 0.001, 0000 0001 0000 0001 
74, 21, 0.021, 0000 0001 1000 0001 
74, 820, 0.82, 0111 1110 1111 1110 
74, 2403, 2.403, 0111 1110 0111 1110 
74, 3443, 3.443, 0111 1110 1111 1110 
74, 46037, 46.037, 1111 1110 1111 1110 
74, 46346, 46.346, 0111 1110 1111 1110 
74, 46641, 46.641, 0000 0000 0000 0000 
75, 0, 0.0, 1111 1110 1111 1110 
75, 1, 0.001, 1000 0001 1000 0001 
75, 21, 0.021, 1000 0001 0000 0001 
75, 694, 0.694, 1111 1110 0111 1110 
75, 2078, 2.078, 1111 1110 1111 1110 
75, 2793, 2.793, 1111 1110 0111 1110 
75, 4209, 4.209, 1000 0001 0000 0001 
75, 4403, 4.403, 1111 1110 0111 1110 
75, 166441, 166.441, 0111 1110 0111 1110 
75, 166740, 166.74, 1111 1110 0111 1110 
75, 167004, 167.004, 0111 1110 0111 1110 
75, 167648, 167.648, 1111 1110 0111 1110 
75, 167855, 167.855, 0000 0000 0000 0000 
76, 0, 0.0, 0111 1110 0111 1110 
76, 1, 0.001, 0000 0001 0000 0001 
76, 20, 0.02, 0000 0001 1000 0001 
76, 246, 0.246, 0111 1110 1111 1110 
76, 887, 0.887, 0111 1110 0111 1110 
76, 1239, 1.239, 0111 1110 1111 1110 
76, 1941, 1.941, 0111 1110 0111 1110 
76, 2099, 2.099, 0111 1110 1111 1110 
76, 2630, 2.63, 0111 1110 0111 1110 
76, 3011, 3.011, 0111 1110 1111 1110 
76, 3594, 3.594, 0111 1110 0111 1110 
76, 3865, 3.865, 0111 1110 1111 1110 
76, 8759, 8.759, 1111 1110 1111 1110 
76, 9364, 9.364, 0111 1110 1111 1110 
76, 9558, 9.558, 0000 0000 0000 0000 
-77, 0, 0.0, 1111 1110 1111 1110 
-77, 1, 0.001, 1000 0001 1000 0001 
-77, 21, 0.021, 1000 0001 0000 0001 
-77, 517, 0.517, 1111 1110 0111 1110 
-77, 1162, 1.162, 1111 1110 1111 1110 
-77, 1725, 1.725, 1111 1110 0111 1110 
-77, 2894, 2.894, 1111 1110 1111 1110 
-77, 3234, 3.234, 1111 1110 0111 1110 
-77, 4086, 4.086, 1111 1110 1111 1110 
-77, 4097, 4.097, 1000 0001 1000 0001 
-77, 4117, 4.117, 1000 0001 0000 0001 
-77, 4303, 4.303, 1111 1110 0111 1110 
78, 0, 0.0, 1111 1110 0111 1110 
78, 1, 0.001, 1000 0001 0000 0001 
78, 27, 0.027, 1000 0001 1000 0001 
78, 135, 0.135, 1111 1110 1111 1110 
78, 403, 0.403, 1111 1110 0111 1110 
78, 760, 0.76, 1111 1110 1111 1110 
78, 1403, 1.403, 1111 1110 0111 1110 
78, 1641, 1.641, 1111 1110 1111 1110 
78, 2241, 2.241, 1111 1110 0111 1110 
78, 2454, 2.454, 1111 1110 1111 1110 
78, 3138, 3.138, 1111 1110 0111 1110 
78, 3289, 3.289, 1111 1110 1111 1110 
78, 3784, 3.784, 1111 1110 0111 1110 
78, 4097, 4.097, 1000 0001 0000 0001 
78, 4123, 4.123, 1000 0001 1000 0001 
78, 4124, 4.124, 1111 1110 1111 1110 
78, 23784, 23.784, 0111 1110 1111 1110 
78, 23870, 23.87, 1111 1110 1111 1110 
78, 24026, 24.026, 0111 1110 1111 1110 
78, 24557, 24.557, 1111 1110 1111 1110 
78, 24875, 24.875, 0000 0000 0000 0000 
79, 0, 0.0, 0111 1110 1111 1110 
79, 1, 0.001, 0000 0001 1000 0001 
79, 20, 0.02, 0000 0001 0000 0001 
79, 506, 0.506, 0111 1110 0111 1110 
79, 1742, 1.742, 0111 1110 1111 1110 
79, 2844, 2.844, 0111 1110 0111 1110 
79, 4505, 4.505, 0000 0001 0000 0001 
79, 4602, 4.602, 0111 1110 0111 1110 
79, 36483, 36.483, 1111 1110 0111 1110 
79, 36933, 36.933, 0111 1110 0111 1110 
79, 37075, 37.075, 1111 1110 0111 1110 
79, 37659, 37.659, 0111 1110 0111 1110 
79, 37971, 37.971, 0000 0000 0000 0000 
80, 0, 0.0, 1000 0001 0000 0001 
80, 20, 0.02, 1000 0001 1000 0001 
80, 360, 0.36, 1111 1110 1111 1110 
80, 1550, 1.55, 1111 1110 0111 1110 
80, 2128, 2.128, 1111 1110 1111 1110 
80, 3022, 3.022, 1111 1110 0111 1110 
80, 3321, 3.321, 1111 1110 1111 1110 
80, 4078, 4.078, 1111 1110 0111 1110 
80, 4096, 4.096, 1000 0001 0000 0001 
80, 4116, 4.116, 1000 0001 1000 0001 
80, 4288, 4.288, 1111 1110 1111 1110 
80, 47972, 47.972, 0111 1110 1111 1110 
80, 48185, 48.185, 1111 1110 1111 1110 
80, 48426, 48.426, 0111 1110 1111 1110 
80, 49065, 49.065, 1111 1110 1111 1110 
80, 49272, 49.272, 0000 0000 0000 0000 
81, 0, 0.0, 0111 1110 1111 1110 
81, 1, 0.001, 0000 0001 1000 0001 
81, 21, 0.021, 0000 0001 0000 0001 
81, 234, 0.234, 0111 1110 0111 1110 
81, 742, 0.742, 0111 1110 1111 1110 
81, 1015, 1.015, 0111 1110 0111 1110 
81, 1716, 1.716, 0111 1110 1111 1110 
81, 1927, 1.927, 0111 1110 0111 1110 
81, 2500, 2.5, 0111 1110 1111 1110 
81, 2826, 2.826, 0111 1110 0111 1110 
81, 3440, 3.44, 0111 1110 1111 1110 
81, 3714, 3.714, 0111 1110 0111 1110 
81, 93388, 93.388, 1111 1110 0111 1110 
81, 93875, 93.875, 0111 1110 0111 1110 
81, 93876, 93.876, 1111 1110 0111 1110 
81, 93879, 93.879, 0111 1110 0111 1110 
81, 94151, 94.151, 0000 0000 0000 0000 
82, 0, 0.0, 1111 1110 0111 1110 
82, 1, 0.001, 1000 0001 0000 0001 
82, 21, 0.021, 1000 0001 1000 0001 
82, 260, 0.26, 1111 1110 1111 1110 
82, 780, 0.78, 1111 1110 0111 1110 
82, 985, 0.985, 1111 1110 1111 1110 
82, 1576, 1.576, 1111 1110 0111 1110 
82, 1948, 1.948, 1111 1110 1111 1110 
82, 2563, 2.563, 1111 1110 0111 1110 
82, 2878, 2.878, 1111 1110 1111 1110 
82, 3540, 3.54, 1111 1110 0111 1110 
82, 3795, 3.795, 1111 1110 1111 1110 
82, 17178, 17.178, 0111 1110 1111 1110 
82, 17549, 17.549, 1111 1110 1111 1110 
82, 17696, 17.696, 0111 1110 1111 1110 
82, 18191, 18.191, 1111 1110 1111 1110 
82, 18524, 18.524, 0000 0000 0000 0000 
83, 0, 0.0, 0111 1110 1111 1110 
83, 1, 0.001, 0000 0001 1000 0001 
83, 21, 0.021, 0000 0001 0000 0001 
83, 231, 0.231, 0111 1110 0111 1110 
83, 721, 0.721, 0111 1110 1111 1110 
83, 927, 0.927, 0111 1110 0111 1110 
83, 1579, 1.579, 0111 1110 1111 1110 
83, 1731, 1.731, 0111 1110 0111 1110 
83, 2206, 2.206, 0111 1110 1111 1110 
83, 2551, 2.551, 0111 1110 0111 1110 
83, 3125, 3.125, 0111 1110 1111 1110 
83, 3417, 3.417, 0111 1110 0111 1110 
83, 3993, 3.993, 0111 1110 1111 1110 
83, 4097, 4.097, 0000 0001 1000 0001 
83, 4117, 4.117, 0000 0001 0000 0001 
83, 4232, 4.232, 0111 1110 0111 1110 
83, 92202, 92.202, 1111 1110 0111 1110 
83, 92813, 92.813, 0111 1110 0111 1110 
83, 93198, 93.198, 0000 0000 0000 0000 
84, 0, 0.0, 1111 1110 0111 1110 
84, 1, 0.001, 1000 0001 0000 0001 
84, 20, 0.02, 1000 0001 1000 0001 
84, 296, 0.296, 1111 1110 1111 1110 
84, 1039, 1.039, 1111 1110 0111 1110 
84, 1285, 1.285, 1111 1110 1111 1110 
84, 2001, 2.001, 1111 1110 0111 1110 
84, 2223, 2.223, 1111 1110 1111 1110 
84, 2738, 2.738, 1111 1110 0111 1110 
84, 3044, 3.044, 1111 1110 1111 1110 
84, 3620, 3.62, 1111 1110 0111 1110 
84, 3875, 3.875, 1111 1110 1111 1110 
84, 35344, 35.344, 0111 1110 1111 1110 
84, 35547, 35.547, 1111 1110 1111 1110 
84, 35842, 35.842, 0111 1110 1111 1110 
84, 36383, 36.383, 1111 1110 1111 1110 
84, 36649, 36.649, 0000 0000 0000 0000 
85, 0, 0.0, 0111 1110 1111 1110 
85, 1, 0.001, 0000 0001 1000 0001 
85, 21, 0.021, 0000 0001 0000 0001 
85, 308, 0.308, 0111 1110 0111 1110 
85, 1098, 1.098, 0111 1110 1111 1110 
85, 1372, 1.372, 0111 1110 0111 1110 
85, 2261, 2.261, 0111 1110 1111 1110 
85, 2584, 2.584, 0111 1110 0111 1110 
85, 3220, 3.22, 0111 1110 1111 1110 
85, 3468, 3.468, 0111 1110 0111 1110 
85, 4170, 4.17, 0000 0001 0000 0001 
85, 4404, 4.404, 0111 1110 0111 1110 
85, 75185, 75.185, 1111 1110 0111 1110 
85, 75790, 75.79, 0111 1110 0111 1110 
85, 76110, 76.11, 0000 0000 0000 0000 
86, 0, 0.0, 1111 1110 0111 1110 
86, 1, 0.001, 1000 0001 0000 0001 
86, 21, 0.021, 1000 0001 1000 0001 
86, 157, 0.157, 1111 1110 1111 1110 
86, 785, 0.785, 1111 1110 0111 1110 
86, 993, 0.993, 1111 1110 1111 1110 
86, 1778, 1.778, 1111 1110 0111 1110 
86, 2026, 2.026, 1111 1110 1111 1110 
86, 2579, 2.579, 1111 1110 0111 1110 
86, 2875, 2.875, 1111 1110 1111 1110 
86, 3437, 3.437, 1111 1110 0111 1110 
86, 3692, 3.692, 1111 1110 1111 1110 
86, 56117, 56.117, 0111 1110 1111 1110 
86, 56662, 56.662, 1111 1110 1111 1110 
86, 56917, 56.917, 0000 0000 0000 0000 
87, 0, 0.0, 0111 1110 1111 1110 
87, 1, 0.001, 0000 0001 1000 0001 
87, 21, 0.021, 0000 0001 0000 0001 
87, 151, 0.151, 0111 1110 0111 1110 
87, 689, 0.689, 0111 1110 1111 1110 
87, 866, 0.866, 0111 1110 0111 1110 
87, 1357, 1.357, 0111 1110 1111 1110 
87, 1701, 1.701, 0111 1110 0111 1110 
87, 2222, 2.222, 0111 1110 1111 1110 
87, 2517, 2.517, 0111 1110 0111 1110 
87, 3092, 3.092, 0111 1110 1111 1110 
87, 3351, 3.351, 0111 1110 0111 1110 
87, 3962, 3.962, 0111 1110 1111 1110 
87, 4097, 4.097, 0000 0001 1000 0001 
87, 4117, 4.117, 0000 0001 0000 0001 
87, 4183, 4.183, 0111 1110 0111 1110 
87, 86019, 86.019, 1111 1110 0111 1110 
87, 86415, 86.415, 0111 1110 0111 1110 
87, 86614, 86.614, 1111 1110 0111 1110 
87, 87279, 87.279, 0111 1110 0111 1110 
87, 87486, 87.486, 0000 0000 0000 0000 
88, 0, 0.0, 1111 1110 0111 1110 
88, 1, 0.001, 1000 0001 0000 0001 
88, 21, 0.021, 1000 0001 1000 0001 
88, 230, 0.23, 1111 1110 1111 1110 
88, 717, 0.717, 1111 1110 0111 1110 
88, 921, 0.921, 1111 1110 1111 1110 
88, 1615, 1.615, 1111 1110 0111 1110 
88, 1780, 1.78, 1111 1110 1111 1110 
88, 2321, 2.321, 1111 1110 0111 1110 
88, 2645, 2.645, 1111 1110 1111 1110 
88, 3243, 3.243, 1111 1110 0111 1110 
88, 3510, 3.51, 1111 1110 1111 1110 
88, 4132, 4.132, 1000 0001 1000 0001 
88, 4326, 4.326, 1111 1110 1111 1110 
88, 106836, 106.836, 0111 1110 1111 1110 
88, 107592, 107.592, 1111 1110 1111 1110 
88, 107593, 107.593, 0111 1110 1111 1110 
88, 107595, 107.595, 1111 1110 1111 1110 
88, 107782, 107.782, 0000 0000 0000 0000 
89, 0, 0.0, 0111 1110 1111 1110 
89, 1, 0.001, 0000 0001 1000 0001 
89, 21, 0.021, 0000 0001 0000 0001 
89, 237, 0.237, 0111 1110 0111 1110 
89, 838, 0.838, 0111 1110 1111 1110 
89, 1018, 1.018, 0111 1110 0111 1110 
89, 1533, 1.533, 0111 1110 1111 1110 
89, 1879, 1.879, 0111 1110 0111 1110 
89, 2453, 2.453, 0111 1110 1111 1110 
89, 2770, 2.77, 0111 1110 0111 1110 
89, 3359, 3.359, 0111 1110 1111 1110 
89, 3614, 3.614, 0111 1110 0111 1110 
89, 4251, 4.251, 0000 0001 0000 0001 
89, 4333, 4.333, 0111 1110 0111 1110 
89, 111628, 111.628, 1111 1110 0111 1110 
89, 111634, 111.634, 0111 1110 0111 1110 
89, 111826, 111.826, 1111 1110 0111 1110 
89, 112424, 112.424, 0111 1110 0111 1110 
89, 112753, 112.753, 0000 0000 0000 0000 
-90, 0, 0.0, 1111 1110 0111 1110 
-90, 1, 0.001, 1000 0001 0000 0001 
-90, 21, 0.021, 1000 0001 1000 0001 
-90, 341, 0.341, 1111 1110 1111 1110 
-90, 1080, 1.08, 1111 1110 0111 1110 
-90, 1312, 1.312, 1111 1110 1111 1110 
-90, 2003, 2.003, 1111 1110 0111 1110 
-90, 2361, 2.361, 1111 1110 1111 1110 
-90, 2979, 2.979, 1111 1110 0111 1110 
-90, 3271, 3.271, 1111 1110 1111 1110 
-90, 3933, 3.933, 1111 1110 0111 1110 
-90, 4097, 4.097, 1000 0001 0000 0001 
-90, 4117, 4.117, 1000 0001 1000 0001 
-90, 4153, 4.153, 1111 1110 1111 1110 
-91, 0, 0.0, 1111 1110 1111 1110 
-91, 1, 0.001, 1000 0001 1000 0001 
-91, 21, 0.021, 1000 0001 0000 0001 
-91, 77, 0.077, 1111 1110 0111 1110 
-91, 332, 0.332, 1111 1110 1111 1110 
-91, 667, 0.667, 1111 1110 0111 1110 
-91, 1285, 1.285, 1111 1110 1111 1110 
-91, 1586, 1.586, 1111 1110 0111 1110 
-91, 2228, 2.228, 1111 1110 1111 1110 
-91, 2451, 2.451, 1111 1110 0111 1110 
-91, 3152, 3.152, 1111 1110 1111 1110 
-91, 3333, 3.333, 1111 1110 0111 1110 
-91, 3857, 3.857, 1111 1110 1111 1110 
-91, 4097, 4.097, 1000 0001 1000 0001 
-91, 4117, 4.117, 1000 0001 0000 0001 
-91, 4173, 4.173, 1111 1110 0111 1110 
92, 0, 0.0, 1111 1110 0111 1110 
92, 1, 0.001, 1000 0001 0000 0001 
92, 21, 0.021, 1000 0001 1000 0001 
92, 113, 0.113, 1111 1110 1111 1110 
92, 398, 0.398, 1111 1110 0111 1110 
92, 727, 0.727, 1111 1110 1111 1110 
92, 1423, 1.423, 1111 1110 0111 1110 
92, 1711, 1.711, 1111 1110 1111 1110 
92, 2339, 2.339, 1111 1110 0111 1110 
92, 2564, 2.564, 1111 1110 1111 1110 
92, 3361, 3.361, 1111 1110 0111 1110 
92, 3539, 3.539, 1111 1110 1111 1110 
92, 4144, 4.144, 1000 0001 1000 0001 
92, 4209, 4.209, 1111 1110 1111 1110 
92, 105986, 105.986, 0111 1110 1111 1110 
92, 106178, 106.178, 1111 1110 1111 1110 
92, 106515, 106.515, 0111 1110 1111 1110 
92, 107032, 107.032, 1111 1110 1111 1110 
92, 107379, 107.379, 0000 0000 0000 0000 
93, 0, 0.0, 0111 1110 1111 1110 
93, 1, 0.001, 0000 0001 1000 0001 
93, 20, 0.02, 0000 0001 0000 0001 
93, 497, 0.497, 0111 1110 0111 1110 
93, 1465, 1.465, 0111 1110 1111 1110 
93, 1781, 1.781, 0111 1110 0111 1110 
93, 2750, 2.75, 0111 1110 1111 1110 
93, 3097, 3.097, 0111 1110 0111 1110 
93, 3690, 3.69, 0111 1110 1111 1110 
93, 3944, 3.944, 0111 1110 0111 1110 
93, 4547, 4.547, 0000 0001 0000 0001 
93, 4593, 4.593, 0111 1110 0111 1110 
93, 109616, 109.616, 1111 1110 0111 1110 
93, 109881, 109.881, 0111 1110 0111 1110 
93, 110130, 110.13, 1111 1110 0111 1110 
93, 110843, 110.843, 0111 1110 0111 1110 
93, 111039, 111.039, 0000 0000 0000 0000 
94, 0, 0.0, 1111 1110 0111 1110 
94, 1, 0.001, 1000 0001 0000 0001 
94, 21, 0.021, 1000 0001 1000 0001 
94, 594, 0.594, 1111 1110 1111 1110 
94, 1387, 1.387, 1111 1110 0111 1110 
94, 1990, 1.99, 1111 1110 1111 1110 
94, 3053, 3.053, 1111 1110 0111 1110 
94, 3352, 3.352, 1111 1110 1111 1110 
94, 4022, 4.022, 1111 1110 0111 1110 
94, 4097, 4.097, 1000 0001 0000 0001 
94, 4117, 4.117, 1000 0001 1000 0001 
94, 4202, 4.202, 1111 1110 1111 1110 
94, 112555, 112.555, 0111 1110 1111 1110 
94, 113151, 113.151, 1111 1110 1111 1110 
94, 113433, 113.433, 0000 0000 0000 0000 
95, 0, 0.0, 0111 1110 1111 1110 
95, 1, 0.001, 0000 0001 1000 0001 
95, 21, 0.021, 0000 0001 0000 0001 
95, 470, 0.47, 0111 1110 0111 1110 
95, 1395, 1.395, 0111 1110 1111 1110 
95, 2088, 2.088, 0111 1110 0111 1110 
95, 2969, 2.969, 0111 1110 1111 1110 
95, 3207, 3.207, 0111 1110 0111 1110 
95, 3837, 3.837, 0111 1110 1111 1110 
95, 4090, 4.09, 0111 1110 0111 1110 
95, 101052, 101.052, 1111 1110 0111 1110 
95, 101756, 101.756, 0111 1110 0111 1110 
95, 101984, 101.984, 0000 0000 0000 0000 
96, 0, 0.0, 1111 1110 0111 1110 
96, 1, 0.001, 1000 0001 0000 0001 
96, 21, 0.021, 1000 0001 1000 0001 
96, 726, 0.726, 1111 1110 1111 1110 
96, 1917, 1.917, 1111 1110 0111 1110 
96, 2393, 2.393, 1111 1110 1111 1110 
96, 3566, 3.566, 1111 1110 0111 1110 
96, 3828, 3.828, 1111 1110 1111 1110 
96, 4458, 4.458, 1000 0001 1000 0001 
96, 4636, 4.636, 1111 1110 1111 1110 
96, 61718, 61.718, 0111 1110 1111 1110 
96, 62419, 62.419, 1111 1110 1111 1110 
96, 62584, 62.584, 0000 0000 0000 0000 
97, 0, 0.0, 0111 1110 1111 1110 
97, 1, 0.001, 0000 0001 1000 0001 
97, 21, 0.021, 0000 0001 0000 0001 
97, 451, 0.451, 0111 1110 0111 1110 
97, 2010, 2.01, 0111 1110 1111 1110 
97, 3063, 3.063, 0111 1110 0111 1110 
97, 4489, 4.489, 0000 0001 0000 0001 
97, 4547, 4.547, 0111 1110 0111 1110 
97, 48658, 48.658, 1111 1110 0111 1110 
97, 48987, 48.987, 0111 1110 0111 1110 
97, 49175, 49.175, 1111 1110 0111 1110 
97, 49877, 49.877, 0111 1110 0111 1110 
97, 50040, 50.04, 0000 0000 0000 0000 
-98, 0, 0.0, 1111 1110 0111 1110 
-98, 1, 0.001, 1000 0001 0000 0001 
-98, 21, 0.021, 1000 0001 1000 0001 
-98, 215, 0.215, 1111 1110 1111 1110 
-98, 942, 0.942, 1111 1110 0111 1110 
-98, 1339, 1.339, 1111 1110 1111 1110 
-98, 2426, 2.426, 1111 1110 0111 1110 
-98, 2707, 2.707, 1111 1110 1111 1110 
-98, 3282, 3.282, 1111 1110 0111 1110 
-98, 3522, 3.522, 1111 1110 1111 1110 
-98, 4163, 4.163, 1000 0001 1000 0001 
-98, 4311, 4.311, 1111 1110 1111 1110 
-99, 0, 0.0, 1111 1110 1111 1110 
-99, 1, 0.001, 1000 0001 1000 0001 
-99, 20, 0.02, 1000 0001 0000 0001 
-99, 144, 0.144, 1111 1110 0111 1110 
-99, 483, 0.483, 1111 1110 1111 1110 
-99, 889, 0.889, 1111 1110 0111 1110 
-99, 1662, 1.662, 1111 1110 1111 1110 
-99, 1961, 1.961, 1111 1110 0111 1110 
-99, 2815, 2.815, 1111 1110 1111 1110 
-99, 3046, 3.046, 1111 1110 0111 1110 
-99, 3828, 3.828, 1111 1110 1111 1110 
-99, 4097, 4.097, 1000 0001 1000 0001 
-99, 4116, 4.116, 1000 0001 0000 0001 
-99, 4236, 4.236, 1111 1110 0111 1110 
100, 0, 0.0, 1111 1110 0111 1110 
100, 1, 0.001, 1000 0001 0000 0001 
100, 21, 0.021, 1000 0001 1000 0001 
100, 110, 0.11, 1111 1110 1111 1110 
100, 521, 0.521, 1111 1110 0111 1110 
100, 1005, 1.005, 1111 1110 1111 1110 
100, 1962, 1.962, 1111 1110 0111 1110 
100, 2200, 2.2, 1111 1110 1111 1110 
100, 2941, 2.941, 1111 1110 0111 1110 
100, 3166, 3.166, 1111 1110 1111 1110 
100, 3717, 3.717, 1111 1110 0111 1110 
100, 4077, 4.077, 1111 1110 1111 1110 
100, 39504, 39.504, 0111 1110 1111 1110 
100, 39897, 39.897, 1111 1110 1111 1110 
100, 40127, 40.127, 0111 1110 1111 1110 
100, 40736, 40.736, 1111 1110 1111 1110 
100, 41128, 41.128, 0000 0000 0000 0000 
