Time, Mote 1 Rx Signal, Mote 2 Rx Signal
0.002440, 1,1
0.004880, 1,1
0.007320, 1,1
0.009760, 1,1
0.012200, 1,1
0.014640, 1,1
0.017080, 1,1
0.019520, 1,1
0.021960, 1,1
0.024400, 1,1
0.026840, 1,1
0.029280, 1,1
0.031720, 1,1
0.034160, 1,1
0.036600, 1,1
0.039040, 1,1
0.041480, 1,1
0.043920, 1,1
0.046360, 1,1
0.048800, 1,1
0.051240, 1,1
0.053680, 1,1
0.056120, 1,1
0.058560, 1,1
0.061000, 1,1
0.063440, 1,1
0.065880, 1,1
0.068320, 1,1
0.070760, 1,1
0.073200, 1,1
0.075640, 1,1
0.078080, 1,1
0.080520, 1,1
0.082960, 1,1
0.085400, 1,1
0.087840, 1,1
0.090280, 1,1
0.092720, 1,1
0.095160, 1,1
0.097600, 1,1
0.100040, 1,1
0.102480, 1,1
0.104920, 1,1
0.107360, 1,1
0.109800, 1,1
0.112240, 1,1
0.114680, 1,1
0.117120, 1,1
0.119560, 1,1
0.122000, 1,1
0.124440, 1,1
0.126880, 1,1
0.129320, 1,1
0.131760, 1,1
0.134200, 1,1
0.136640, 1,1
0.139080, 1,1
0.141520, 1,1
0.143960, 1,1
0.146400, 1,1
0.148840, 1,1
0.151280, 1,1
0.153720, 1,1
0.156160, 1,1
0.158600, 1,1
0.161040, 1,1
0.163480, 1,1
0.165920, 1,1
0.168360, 1,1
0.170800, 1,1
0.173240, 1,1
0.175680, 1,1
0.178120, 1,1
0.180560, 1,1
0.183000, 1,1
0.185440, 1,1
0.187880, 1,1
0.190320, 1,1
0.192760, 1,1
0.195200, 1,1
0.197640, 1,1
0.200080, 1,1
0.202520, 1,1
0.204960, 1,1
0.207400, 1,1
0.209840, 1,1
0.212280, 1,1
0.214720, 1,1
0.217160, 1,1
0.219600, 1,1
0.222040, 1,1
0.224480, 1,1
0.226920, 1,1
0.229360, 1,1
0.231800, 1,1
0.234240, 1,1
0.236680, 1,1
0.239120, 1,1
0.241560, 1,1
0.244000, 1,1
0.246440, 1,1
0.248880, 1,1
0.251320, 1,1
0.253760, 1,1
0.256200, 1,1
0.258640, 1,1
0.261080, 1,1
0.263520, 1,1
0.265960, 1,1
0.268400, 1,1
0.270840, 1,1
0.273280, 1,1
0.275720, 1,1
0.278160, 1,1
0.280600, 1,1
0.283040, 1,1
0.285480, 1,1
0.287920, 1,1
0.290360, 1,1
0.292800, 1,1
0.295240, 1,1
0.297680, 1,1
0.300120, 1,1
0.302560, 1,1
0.305000, 1,1
0.307440, 1,1
0.309880, 1,1
0.312320, 1,1
0.314760, 1,1
0.317200, 1,1
0.319640, 1,1
0.322080, 1,1
0.324520, 1,1
0.326960, 1,1
0.329400, 1,1
0.331840, 1,1
0.334280, 1,1
0.336720, 1,1
0.339160, 1,1
0.341600, 1,1
0.344040, 1,1
0.346480, 1,1
0.348920, 1,1
0.351360, 1,1
0.353800, 1,1
0.356240, 1,1
0.358680, 1,1
0.361120, 1,1
0.363560, 1,1
0.366000, 1,1
0.368440, 1,1
0.370880, 1,1
0.373320, 1,1
0.375760, 1,1
0.378200, 1,1
0.380640, 1,1
0.383080, 1,1
0.385520, 1,1
0.387960, 1,1
0.390400, 1,1
0.392840, 1,1
0.395280, 1,1
0.397720, 1,1
0.400160, 1,1
0.402600, 1,1
0.405040, 1,1
0.407480, 1,1
0.409920, 1,1
0.412360, 1,1
0.414800, 1,1
0.417240, 1,1
0.419680, 1,1
0.422120, 1,1
0.424560, 1,1
0.427000, 1,1
0.429440, 1,1
0.431880, 1,1
0.434320, 1,1
0.436760, 1,1
0.439200, 1,1
0.441640, 1,1
0.444080, 1,1
0.446520, 1,1
0.448960, 1,1
0.451400, 1,1
0.453840, 1,1
0.456280, 1,1
0.458720, 1,1
0.461160, 1,1
0.463600, 1,1
0.466040, 1,1
0.468480, 1,1
0.470920, 1,1
0.473360, 1,0
0.475800, 1,0
0.478240, 1,0
0.480680, 1,0
0.483120, 1,0
0.485560, 1,0
0.488000, 1,0
0.490440, 1,0
0.492880, 1,0
0.495320, 1,0
0.497760, 1,0
0.500200, 1,0
0.502640, 1,0
0.505080, 1,0
0.507520, 1,0
0.509960, 1,0
0.512400, 1,0
0.514840, 1,0
0.517280, 1,0
0.519720, 1,0
0.522160, 1,0
0.524600, 1,0
0.527040, 1,0
0.529480, 1,0
0.531920, 1,0
0.534360, 1,0
0.536800, 1,0
0.539240, 1,0
0.541680, 1,0
0.544120, 1,0
0.546560, 1,0
0.549000, 1,0
0.551440, 1,0
0.553880, 1,0
0.556320, 1,0
0.558760, 1,0
0.561200, 1,0
0.563640, 1,0
0.566080, 1,0
0.568520, 1,0
0.570960, 1,0
0.573400, 1,0
0.575840, 1,0
0.578280, 1,0
0.580720, 1,0
0.583160, 1,0
0.585600, 1,0
0.588040, 1,0
0.590480, 1,0
0.592920, 1,0
0.595360, 1,0
0.597800, 1,0
0.600240, 1,0
0.602680, 1,0
0.605120, 1,0
0.607560, 1,0
0.610000, 1,0
0.612440, 1,0
0.614880, 1,0
0.617320, 1,0
0.619760, 1,0
0.622200, 1,0
0.624640, 1,0
0.627080, 1,0
0.629520, 1,0
0.631960, 1,0
0.634400, 1,0
0.636840, 1,0
0.639280, 1,0
0.641720, 1,0
0.644160, 1,0
0.646600, 1,0
0.649040, 1,0
0.651480, 1,0
0.653920, 1,0
0.656360, 1,0
0.658800, 1,0
0.661240, 1,0
0.663680, 1,0
0.666120, 1,0
0.668560, 1,0
0.671000, 1,0
0.673440, 1,0
0.675880, 1,0
0.678320, 1,0
0.680760, 1,0
0.683200, 1,0
0.685640, 1,0
0.688080, 1,0
0.690520, 1,0
0.692960, 1,0
0.695400, 1,0
0.697840, 1,0
0.700280, 1,0
0.702720, 1,0
0.705160, 1,0
0.707600, 1,0
0.710040, 1,0
0.712480, 1,0
0.714920, 1,0
0.717360, 1,0
0.719800, 1,0
0.722240, 1,0
0.724680, 1,0
0.727120, 1,0
0.729560, 1,0
0.732000, 1,0
0.734440, 1,0
0.736880, 1,0
0.739320, 1,0
0.741760, 1,0
0.744200, 1,0
0.746640, 1,0
0.749080, 1,0
0.751520, 1,0
0.753960, 1,0
0.756400, 1,0
0.758840, 1,0
0.761280, 1,0
0.763720, 1,0
0.766160, 1,0
0.768600, 1,0
0.771040, 1,0
0.773480, 1,0
0.775920, 1,0
0.778360, 1,0
0.780800, 1,0
0.783240, 1,0
0.785680, 1,0
0.788120, 1,0
0.790560, 1,0
0.793000, 1,0
0.795440, 1,0
0.797880, 1,0
0.800320, 1,0
0.802760, 1,0
0.805200, 1,0
0.807640, 1,0
0.810080, 1,0
0.812520, 1,0
0.814960, 1,0
0.817400, 1,0
0.819840, 1,0
0.822280, 1,0
0.824720, 1,0
0.827160, 1,0
0.829600, 1,0
0.832040, 1,0
0.834480, 1,0
0.836920, 1,0
0.839360, 1,0
0.841800, 1,0
0.844240, 1,0
0.846680, 1,0
0.849120, 1,0
0.851560, 1,0
0.854000, 1,0
0.856440, 1,0
0.858880, 1,0
0.861320, 1,0
0.863760, 1,0
0.866200, 1,0
0.868640, 1,0
0.871080, 1,0
0.873520, 1,0
0.875960, 1,0
0.878400, 1,0
0.880840, 1,0
0.883280, 1,0
0.885720, 1,0
0.888160, 1,0
0.890600, 1,0
0.893040, 1,0
0.895480, 1,0
0.897920, 1,0
0.900360, 1,0
0.902800, 1,0
0.905240, 1,0
0.907680, 1,0
0.910120, 1,0
0.912560, 1,0
0.915000, 1,0
0.917440, 1,0
0.919880, 1,0
0.922320, 1,0
0.924760, 1,0
0.927200, 1,0
0.929640, 1,0
0.932080, 1,0
0.934520, 1,0
0.936960, 1,0
0.939400, 1,0
0.941840, 1,0
0.944280, 1,0
0.946720, 1,0
0.949160, 1,0
0.951600, 1,0
0.954040, 1,0
0.956480, 1,0
0.958920, 1,0
0.961360, 1,0
0.963800, 1,0
0.966240, 1,0
0.968680, 1,0
0.971120, 1,0
0.973560, 1,0
0.976000, 1,0
0.978440, 1,0
0.980880, 1,0
0.983320, 1,0
0.985760, 1,0
0.988200, 1,0
0.990640, 1,0
0.993080, 1,0
0.995520, 1,0
0.997960, 1,0
1.000400, 1,0
1.002840, 1,0
1.005280, 1,0
1.007720, 1,0
1.010160, 1,0
1.012600, 1,0
1.015040, 1,0
1.017480, 1,0
1.019920, 1,0
1.022360, 1,0
1.024800, 1,0
1.027240, 1,0
1.029680, 1,0
1.032120, 1,0
1.034560, 1,0
1.037000, 1,0
1.039440, 1,0
1.041880, 1,0
1.044320, 1,0
1.046760, 1,0
1.049200, 1,0
1.051640, 1,0
1.054080, 1,0
1.056520, 1,0
1.058960, 1,0
1.061400, 1,0
1.063840, 1,0
1.066280, 1,0
1.068720, 1,0
1.071160, 1,0
1.073600, 1,0
1.076040, 1,0
1.078480, 1,0
1.080920, 1,0
1.083360, 1,0
1.085800, 1,0
1.088240, 1,0
1.090680, 1,0
1.093120, 1,0
1.095560, 1,0
1.098000, 1,0
1.100440, 1,0
1.102880, 1,0
1.105320, 1,0
1.107760, 1,0
1.110200, 1,0
1.112640, 1,0
1.115080, 1,0
1.117520, 1,0
1.119960, 1,0
1.122400, 1,0
1.124840, 1,0
1.127280, 1,0
1.129720, 1,0
1.132160, 1,0
1.134600, 1,0
1.137040, 1,0
1.139480, 1,0
1.141920, 1,0
1.144360, 1,0
1.146800, 1,0
1.149240, 1,0
1.151680, 1,0
1.154120, 1,0
1.156560, 1,0
1.159000, 1,0
1.161440, 1,0
1.163880, 1,0
1.166320, 1,0
1.168760, 1,0
1.171200, 1,0
1.173640, 1,0
1.176080, 1,0
1.178520, 1,0
1.180960, 1,0
1.183400, 1,0
1.185840, 1,0
1.188280, 1,0
1.190720, 1,0
1.193160, 1,0
1.195600, 1,0
1.198040, 1,0
1.200480, 1,0
1.202920, 1,0
1.205360, 1,0
1.207800, 1,0
1.210240, 1,0
1.212680, 1,0
1.215120, 1,0
1.217560, 1,0
1.220000, 1,0
1.222440, 1,0
1.224880, 1,0
1.227320, 1,0
1.229760, 1,0
1.232200, 1,0
1.234640, 1,0
1.237080, 1,0
1.239520, 1,0
1.241960, 1,0
1.244400, 1,0
1.246840, 0,0
1.249280, 0,0
1.251720, 0,0
1.254160, 0,0
1.256600, 0,0
1.259040, 0,0
1.261480, 0,0
1.263920, 0,0
1.266360, 0,0
1.268800, 0,0
1.271240, 0,0
1.273680, 0,0
1.276120, 0,0
1.278560, 0,0
1.281000, 0,0
1.283440, 0,0
1.285880, 0,0
1.288320, 0,0
1.290760, 0,0
1.293200, 0,0
1.295640, 0,0
1.298080, 0,0
1.300520, 0,0
1.302960, 0,0
1.305400, 0,0
1.307840, 0,0
1.310280, 0,0
1.312720, 0,0
1.315160, 0,0
1.317600, 0,0
1.320040, 0,0
1.322480, 0,0
1.324920, 0,0
1.327360, 0,0
1.329800, 0,0
1.332240, 0,0
1.334680, 0,0
1.337120, 0,0
1.339560, 0,0
1.342000, 0,0
1.344440, 0,0
1.346880, 0,0
1.349320, 0,0
1.351760, 0,0
1.354200, 0,0
1.356640, 0,0
1.359080, 0,0
1.361520, 0,0
1.363960, 0,0
1.366400, 0,0
1.368840, 0,0
1.371280, 0,0
1.373720, 0,0
1.376160, 0,0
1.378600, 0,0
1.381040, 0,0
1.383480, 0,0
1.385920, 0,0
1.388360, 0,0
1.390800, 0,0
1.393240, 0,0
1.395680, 0,0
1.398120, 0,0
1.400560, 0,0
1.403000, 0,0
1.405440, 0,0
1.407880, 0,0
1.410320, 0,0
1.412760, 0,0
1.415200, 0,0
1.417640, 0,0
1.420080, 0,0
1.422520, 0,0
1.424960, 0,0
1.427400, 0,0
1.429840, 0,0
1.432280, 0,0
1.434720, 0,0
1.437160, 0,0
1.439600, 0,0
1.442040, 0,0
1.444480, 0,0
1.446920, 0,0
1.449360, 0,0
1.451800, 0,0
1.454240, 0,0
1.456680, 0,0
1.459120, 0,0
1.461560, 0,0
1.464000, 0,0
1.466440, 0,0
1.468880, 0,0
1.471320, 0,0
1.473760, 0,0
1.476200, 0,0
1.478640, 0,0
1.481080, 0,0
1.483520, 0,0
1.485960, 0,0
1.488400, 0,0
1.490840, 0,0
1.493280, 0,0
1.495720, 0,0
1.498160, 0,0
1.500600, 0,0
1.503040, 0,0
1.505480, 0,0
1.507920, 0,0
1.510360, 0,0
1.512800, 0,0
1.515240, 0,0
1.517680, 0,0
1.520120, 0,0
1.522560, 0,0
1.525000, 0,0
1.527440, 0,0
1.529880, 0,0
1.532320, 0,0
1.534760, 0,0
1.537200, 0,0
1.539640, 0,0
1.542080, 0,0
1.544520, 0,0
1.546960, 0,0
1.549400, 0,0
1.551840, 0,0
1.554280, 0,0
1.556720, 0,0
1.559160, 0,0
1.561600, 0,0
1.564040, 0,0
1.566480, 0,0
1.568920, 0,0
1.571360, 0,0
1.573800, 0,0
1.576240, 0,0
1.578680, 0,0
1.581120, 0,0
1.583560, 0,0
1.586000, 0,0
1.588440, 0,0
1.590880, 0,0
1.593320, 0,0
1.595760, 0,0
1.598200, 0,0
1.600640, 0,0
1.603080, 0,0
1.605520, 0,0
1.607960, 0,0
1.610400, 0,0
1.612840, 0,0
1.615280, 0,0
1.617720, 0,0
1.620160, 0,0
1.622600, 0,0
1.625040, 0,0
1.627480, 0,0
1.629920, 0,0
1.632360, 0,0
1.634800, 0,0
1.637240, 0,0
1.639680, 0,0
1.642120, 0,0
1.644560, 0,0
1.647000, 0,0
1.649440, 0,0
1.651880, 0,0
1.654320, 0,0
1.656760, 0,0
1.659200, 0,0
1.661640, 0,0
1.664080, 0,0
1.666520, 0,0
1.668960, 0,0
1.671400, 0,0
1.673840, 0,0
1.676280, 0,0
1.678720, 0,0
1.681160, 0,0
1.683600, 0,0
1.686040, 0,0
1.688480, 0,0
1.690920, 0,0
1.693360, 0,0
1.695800, 0,0
1.698240, 0,0
1.700680, 0,0
1.703120, 0,0
1.705560, 0,0
1.708000, 0,0
1.710440, 0,0
1.712880, 0,0
1.715320, 0,0
1.717760, 0,0
1.720200, 0,0
1.722640, 0,0
1.725080, 0,0
1.727520, 0,0
1.729960, 0,0
1.732400, 0,0
1.734840, 0,0
1.737280, 0,0
1.739720, 0,0
1.742160, 0,0
1.744600, 0,0
1.747040, 0,0
1.749480, 0,0
1.751920, 0,0
1.754360, 0,0
1.756800, 0,0
1.759240, 0,0
1.761680, 0,0
1.764120, 0,0
1.766560, 0,0
1.769000, 0,0
1.771440, 0,0
1.773880, 0,0
1.776320, 0,0
1.778760, 0,0
1.781200, 0,0
1.783640, 0,0
1.786080, 0,0
1.788520, 0,0
1.790960, 0,0
1.793400, 0,0
1.795840, 0,0
1.798280, 0,0
1.800720, 0,0
1.803160, 0,0
1.805600, 0,0
1.808040, 0,0
1.810480, 0,0
1.812920, 0,0
1.815360, 0,0
1.817800, 0,0
1.820240, 0,0
1.822680, 0,0
1.825120, 0,0
1.827560, 0,0
1.830000, 0,0
1.832440, 0,0
1.834880, 0,0
1.837320, 0,0
1.839760, 0,0
1.842200, 0,0
1.844640, 0,0
1.847080, 0,0
1.849520, 0,0
1.851960, 0,0
1.854400, 0,0
1.856840, 0,0
1.859280, 0,0
1.861720, 0,0
1.864160, 0,0
1.866600, 0,0
1.869040, 0,0
1.871480, 0,0
1.873920, 0,0
1.876360, 0,0
1.878800, 0,0
1.881240, 0,0
1.883680, 0,0
1.886120, 0,0
1.888560, 0,0
1.891000, 0,0
1.893440, 0,0
1.895880, 0,0
1.898320, 0,0
1.900760, 0,0
1.903200, 0,0
1.905640, 0,0
1.908080, 0,0
1.910520, 0,0
1.912960, 0,0
1.915400, 0,0
1.917840, 0,0
1.920280, 0,0
1.922720, 0,0
1.925160, 0,0
1.927600, 0,0
1.930040, 0,0
1.932480, 0,0
1.934920, 0,0
1.937360, 0,0
1.939800, 0,0
1.942240, 0,0
1.944680, 0,0
1.947120, 0,0
1.949560, 0,0
1.952000, 0,0
1.954440, 0,0
1.956880, 0,0
1.959320, 0,0
1.961760, 0,0
1.964200, 0,0
1.966640, 0,0
1.969080, 0,0
1.971520, 0,0
1.973960, 0,0
1.976400, 0,0
1.978840, 0,0
1.981280, 0,0
1.983720, 0,0
1.986160, 0,0
1.988600, 0,0
1.991040, 0,0
1.993480, 0,0
1.995920, 0,0
1.998360, 0,0
2.000800, 0,0
2.003240, 0,0
2.005680, 0,0
2.008120, 0,0
2.010560, 0,0
2.013000, 0,0
2.015440, 0,0
2.017880, 0,0
2.020320, 0,0
2.022760, 0,0
2.025200, 0,0
2.027640, 0,0
2.030080, 0,0
2.032520, 0,0
2.034960, 0,0
2.037400, 0,0
2.039840, 0,0
2.042280, 0,0
2.044720, 0,0
2.047160, 0,0
2.049600, 0,0
2.052040, 0,0
2.054480, 0,0
2.056920, 0,0
2.059360, 0,0
2.061800, 0,0
2.064240, 0,0
2.066680, 0,0
2.069120, 0,0
2.071560, 0,0
2.074000, 0,0
2.076440, 0,0
2.078880, 0,0
2.081320, 0,0
2.083760, 0,0
2.086200, 0,0
2.088640, 0,0
2.091080, 0,0
2.093520, 0,0
2.095960, 0,0
2.098400, 0,0
2.100840, 0,0
2.103280, 0,0
2.105720, 0,0
2.108160, 0,0
2.110600, 0,0
2.113040, 0,0
2.115480, 0,0
2.117920, 0,0
2.120360, 0,0
2.122800, 0,0
2.125240, 0,0
2.127680, 0,0
2.130120, 0,0
2.132560, 0,0
2.135000, 0,0
2.137440, 0,0
2.139880, 0,0
2.142320, 0,0
2.144760, 0,0
2.147200, 0,0
2.149640, 0,0
2.152080, 0,0
2.154520, 0,0
2.156960, 0,0
2.159400, 0,0
2.161840, 0,0
2.164280, 0,0
2.166720, 0,0
2.169160, 0,0
2.171600, 0,0
2.174040, 0,0
2.176480, 0,0
2.178920, 0,0
2.181360, 0,0
2.183800, 0,0
2.186240, 0,0
2.188680, 0,0
2.191120, 0,0
2.193560, 0,0
2.196000, 0,0
2.198440, 0,0
2.200880, 0,0
2.203320, 0,0
2.205760, 0,0
2.208200, 0,0
2.210640, 0,0
2.213080, 0,0
2.215520, 0,0
2.217960, 0,0
2.220400, 0,0
2.222840, 0,0
2.225280, 0,0
2.227720, 0,0
2.230160, 0,0
2.232600, 0,0
2.235040, 0,0
2.237480, 0,0
2.239920, 0,0
2.242360, 0,0
2.244800, 0,0
2.247240, 0,0
2.249680, 0,0
2.252120, 0,0
2.254560, 0,0
2.257000, 0,0
2.259440, 0,0
2.261880, 0,0
2.264320, 0,0
2.266760, 0,0
2.269200, 0,0
2.271640, 0,0
2.274080, 0,0
2.276520, 0,0
2.278960, 0,0
2.281400, 0,0
2.283840, 0,0
2.286280, 0,0
2.288720, 0,0
2.291160, 0,0
2.293600, 0,0
2.296040, 0,0
2.298480, 0,0
2.300920, 0,0
2.303360, 0,0
2.305800, 0,0
2.308240, 0,0
2.310680, 0,0
2.313120, 0,0
2.315560, 0,0
2.318000, 0,0
2.320440, 0,0
2.322880, 0,0
2.325320, 0,0
2.327760, 0,0
2.330200, 0,0
2.332640, 0,0
2.335080, 0,0
2.337520, 0,0
2.339960, 0,0
2.342400, 0,0
2.344840, 0,0
2.347280, 0,0
2.349720, 0,0
2.352160, 0,0
2.354600, 0,0
2.357040, 0,0
2.359480, 0,0
2.361920, 0,0
2.364360, 0,0
2.366800, 0,0
2.369240, 0,0
2.371680, 0,0
2.374120, 0,0
2.376560, 0,0
2.379000, 0,0
2.381440, 0,0
2.383880, 0,0
2.386320, 0,0
2.388760, 0,0
2.391200, 0,0
2.393640, 0,0
2.396080, 0,0
2.398520, 0,0
2.400960, 0,0
2.403400, 0,0
2.405840, 0,0
2.408280, 0,0
2.410720, 0,0
2.413160, 0,0
2.415600, 0,0
2.418040, 0,0
2.420480, 0,0
2.422920, 0,0
2.425360, 0,0
2.427800, 0,0
2.430240, 0,0
2.432680, 0,0
2.435120, 0,0
2.437560, 0,0
2.440000, 0,0
2.442440, 0,0
2.444880, 0,0
2.447320, 0,0
2.449760, 0,0
2.452200, 0,0
2.454640, 0,0
2.457080, 0,0
2.459520, 0,0
2.461960, 0,0
2.464400, 0,0
2.466840, 0,0
2.469280, 0,0
2.471720, 0,0
2.474160, 0,0
2.476600, 0,0
2.479040, 0,0
2.481480, 0,0
2.483920, 0,0
2.486360, 0,0
2.488800, 0,0
2.491240, 0,0
2.493680, 0,0
2.496120, 0,0
2.498560, 0,0
2.501000, 0,0
2.503440, 0,0
2.505880, 0,0
2.508320, 0,0
2.510760, 0,0
2.513200, 0,0
2.515640, 0,0
2.518080, 0,0
2.520520, 0,0
2.522960, 0,0
2.525400, 0,0
2.527840, 0,0
2.530280, 0,0
2.532720, 0,0
2.535160, 0,0
2.537600, 0,0
2.540040, 0,0
2.542480, 0,0
2.544920, 0,0
2.547360, 0,0
2.549800, 0,0
2.552240, 0,0
2.554680, 0,0
2.557120, 0,0
2.559560, 0,0
2.562000, 0,0
2.564440, 0,0
2.566880, 0,0
2.569320, 0,0
2.571760, 0,0
2.574200, 0,0
2.576640, 0,0
2.579080, 0,0
2.581520, 0,0
2.583960, 0,0
2.586400, 0,0
2.588840, 0,0
2.591280, 0,0
2.593720, 0,0
2.596160, 0,0
2.598600, 0,0
2.601040, 0,0
2.603480, 0,0
2.605920, 0,0
2.608360, 0,0
2.610800, 0,0
2.613240, 0,0
2.615680, 0,0
2.618120, 0,0
2.620560, 0,0
2.623000, 0,0
2.625440, 0,0
2.627880, 0,0
2.630320, 0,0
2.632760, 0,0
2.635200, 0,0
2.637640, 0,0
2.640080, 0,0
2.642520, 0,0
2.644960, 0,0
2.647400, 0,0
2.649840, 0,0
2.652280, 0,0
2.654720, 0,0
2.657160, 0,0
2.659600, 0,0
2.662040, 0,0
2.664480, 0,0
2.666920, 0,0
2.669360, 0,0
2.671800, 0,0
2.674240, 0,0
2.676680, 0,0
2.679120, 0,0
2.681560, 0,0
2.684000, 0,0
2.686440, 0,0
2.688880, 0,0
2.691320, 0,0
2.693760, 0,0
2.696200, 0,0
2.698640, 0,0
2.701080, 0,0
2.703520, 0,0
2.705960, 0,0
2.708400, 0,0
2.710840, 0,0
2.713280, 0,0
2.715720, 0,0
2.718160, 0,0
2.720600, 0,0
2.723040, 0,0
2.725480, 0,0
2.727920, 0,0
2.730360, 0,0
2.732800, 0,0
2.735240, 0,0
2.737680, 0,0
2.740120, 0,0
2.742560, 0,0
2.745000, 0,0
2.747440, 0,0
2.749880, 0,0
2.752320, 0,0
2.754760, 0,0
2.757200, 0,0
2.759640, 0,0
2.762080, 0,0
2.764520, 0,0
2.766960, 0,0
2.769400, 0,0
2.771840, 0,0
2.774280, 0,0
2.776720, 0,0
2.779160, 0,0
2.781600, 0,0
2.784040, 0,0
2.786480, 0,0
2.788920, 0,0
2.791360, 0,0
2.793800, 0,0
2.796240, 0,0
2.798680, 0,0
2.801120, 0,0
2.803560, 0,0
2.806000, 0,0
2.808440, 0,0
2.810880, 0,0
2.813320, 0,0
2.815760, 0,0
2.818200, 0,0
2.820640, 0,0
2.823080, 0,0
2.825520, 0,0
2.827960, 0,0
2.830400, 0,0
2.832840, 0,0
2.835280, 0,0
2.837720, 0,0
2.840160, 0,0
2.842600, 0,0
2.845040, 0,0
2.847480, 0,0
2.849920, 0,0
2.852360, 0,0
2.854800, 0,0
2.857240, 0,0
2.859680, 0,0
2.862120, 0,0
2.864560, 0,0
2.867000, 0,0
2.869440, 0,0
2.871880, 0,0
2.874320, 0,0
2.876760, 0,0
2.879200, 0,0
2.881640, 0,0
2.884080, 0,0
2.886520, 0,0
2.888960, 0,0
2.891400, 0,0
2.893840, 0,0
2.896280, 0,0
2.898720, 0,0
2.901160, 0,0
2.903600, 0,0
2.906040, 0,0
2.908480, 0,0
2.910920, 0,0
2.913360, 0,0
2.915800, 0,0
2.918240, 0,0
2.920680, 0,0
2.923120, 0,0
2.925560, 0,0
2.928000, 0,0
2.930440, 0,0
2.932880, 0,0
2.935320, 0,0
2.937760, 0,0
2.940200, 0,0
2.942640, 0,0
2.945080, 0,0
2.947520, 0,0
2.949960, 0,0
2.952400, 0,0
2.954840, 0,0
2.957280, 0,0
2.959720, 0,0
2.962160, 0,0
2.964600, 0,0
2.967040, 0,0
2.969480, 0,0
2.971920, 0,0
2.974360, 0,0
2.976800, 0,0
2.979240, 0,0
2.981680, 0,0
2.984120, 0,0
2.986560, 0,0
2.989000, 0,0
2.991440, 0,0
2.993880, 0,0
2.996320, 0,0
2.998760, 0,0
3.001200, 0,0
3.003640, 0,0
3.006080, 0,0
3.008520, 0,0
3.010960, 0,0
3.013400, 0,0
3.015840, 0,0
3.018280, 0,0
3.020720, 0,0
3.023160, 0,0
3.025600, 0,0
3.028040, 0,0
3.030480, 0,0
3.032920, 0,0
3.035360, 0,0
3.037800, 0,0
3.040240, 0,0
3.042680, 0,0
3.045120, 0,0
3.047560, 0,0
3.050000, 0,0
3.052440, 0,0
3.054880, 0,0
3.057320, 0,0
3.059760, 0,0
3.062200, 0,0
3.064640, 0,0
3.067080, 0,0
3.069520, 0,0
3.071960, 0,0
3.074400, 0,0
3.076840, 0,0
3.079280, 0,0
3.081720, 0,0
3.084160, 0,0
3.086600, 0,0
3.089040, 0,0
3.091480, 0,0
3.093920, 0,0
3.096360, 0,0
3.098800, 0,0
3.101240, 0,0
3.103680, 0,0
3.106120, 0,0
3.108560, 0,0
3.111000, 0,0
3.113440, 0,0
3.115880, 0,0
3.118320, 0,0
3.120760, 0,0
3.123200, 0,0
3.125640, 0,0
3.128080, 0,0
3.130520, 0,0
3.132960, 0,0
3.135400, 0,0
3.137840, 0,0
3.140280, 0,0
3.142720, 0,0
3.145160, 0,0
3.147600, 0,0
3.150040, 0,0
3.152480, 0,0
3.154920, 0,0
3.157360, 0,0
3.159800, 0,0
3.162240, 0,0
3.164680, 0,0
3.167120, 0,0
3.169560, 0,0
3.172000, 0,0
3.174440, 0,0
3.176880, 0,0
3.179320, 0,0
3.181760, 0,0
3.184200, 0,0
3.186640, 0,0
3.189080, 0,0
3.191520, 0,0
3.193960, 0,0
3.196400, 0,0
3.198840, 0,0
3.201280, 0,0
3.203720, 0,0
3.206160, 0,0
3.208600, 0,0
3.211040, 0,0
3.213480, 0,0
3.215920, 0,0
3.218360, 0,0
3.220800, 0,0
3.223240, 0,0
3.225680, 0,0
3.228120, 0,0
3.230560, 0,0
3.233000, 0,0
3.235440, 0,0
3.237880, 0,0
3.240320, 0,0
3.242760, 0,0
3.245200, 0,0
3.247640, 0,0
3.250080, 0,0
3.252520, 0,0
3.254960, 0,0
3.257400, 0,0
3.259840, 0,0
3.262280, 0,0
3.264720, 0,0
3.267160, 0,0
3.269600, 0,0
3.272040, 0,0
3.274480, 0,0
3.276920, 0,0
3.279360, 0,0
3.281800, 0,0
3.284240, 0,0
3.286680, 0,0
3.289120, 0,0
3.291560, 0,0
3.294000, 0,0
3.296440, 0,0
3.298880, 0,0
3.301320, 0,0
3.303760, 0,0
3.306200, 0,0
3.308640, 0,0
3.311080, 0,0
3.313520, 0,0
3.315960, 0,0
3.318400, 0,0
3.320840, 0,0
3.323280, 0,0
3.325720, 0,0
3.328160, 0,0
3.330600, 0,0
3.333040, 0,0
3.335480, 0,0
3.337920, 0,0
3.340360, 0,0
3.342800, 0,0
3.345240, 0,0
3.347680, 0,0
3.350120, 0,0
3.352560, 0,0
3.355000, 0,0
3.357440, 0,0
3.359880, 0,0
3.362320, 0,0
3.364760, 0,0
3.367200, 0,0
3.369640, 0,0
3.372080, 0,0
3.374520, 0,0
3.376960, 0,0
3.379400, 0,0
3.381840, 0,0
3.384280, 0,0
3.386720, 0,0
3.389160, 0,0
3.391600, 0,0
3.394040, 0,0
3.396480, 0,0
3.398920, 0,0
3.401360, 0,0
3.403800, 0,0
3.406240, 0,0
3.408680, 0,0
3.411120, 0,0
3.413560, 0,0
3.416000, 0,0
3.418440, 0,0
3.420880, 0,0
3.423320, 0,0
3.425760, 0,0
3.428200, 0,0
3.430640, 0,0
3.433080, 0,0
3.435520, 0,0
3.437960, 0,0
3.440400, 0,0
3.442840, 0,0
3.445280, 0,0
3.447720, 0,0
3.450160, 0,0
3.452600, 0,0
3.455040, 0,0
3.457480, 0,0
3.459920, 0,0
3.462360, 0,0
3.464800, 0,0
3.467240, 0,0
3.469680, 0,0
3.472120, 0,0
3.474560, 0,0
3.477000, 0,0
3.479440, 0,0
3.481880, 0,0
3.484320, 0,0
3.486760, 0,0
3.489200, 0,0
3.491640, 0,0
3.494080, 0,0
3.496520, 0,0
3.498960, 0,0
3.501400, 0,0
3.503840, 0,0
3.506280, 0,0
3.508720, 0,0
3.511160, 0,0
3.513600, 0,0
3.516040, 0,0
3.518480, 0,0
3.520920, 0,0
3.523360, 0,0
3.525800, 0,0
3.528240, 0,0
3.530680, 0,0
3.533120, 0,0
3.535560, 0,0
3.538000, 0,0
3.540440, 0,0
3.542880, 0,0
3.545320, 0,0
3.547760, 0,0
3.550200, 0,0
3.552640, 0,0
3.555080, 0,0
3.557520, 0,0
3.559960, 0,0
3.562400, 0,0
3.564840, 0,0
3.567280, 0,0
3.569720, 0,0
3.572160, 0,0
3.574600, 0,0
3.577040, 0,0
3.579480, 0,0
3.581920, 0,0
3.584360, 0,0
3.586800, 0,0
3.589240, 0,0
3.591680, 0,0
3.594120, 0,0
3.596560, 0,0
3.599000, 0,0
3.601440, 0,0
3.603880, 0,0
3.606320, 0,0
3.608760, 0,0
3.611200, 0,0
3.613640, 0,0
3.616080, 0,0
3.618520, 0,0
3.620960, 0,0
3.623400, 0,0
3.625840, 0,0
3.628280, 0,0
3.630720, 0,0
3.633160, 0,0
3.635600, 0,0
3.638040, 0,0
3.640480, 0,0
3.642920, 0,0
3.645360, 0,0
3.647800, 0,0
3.650240, 0,0
3.652680, 0,0
3.655120, 0,0
3.657560, 0,0
3.660000, 0,0
3.662440, 0,0
3.664880, 0,0
3.667320, 0,0
3.669760, 0,0
3.672200, 0,0
3.674640, 0,0
3.677080, 0,0
3.679520, 0,0
3.681960, 0,0
3.684400, 0,0
3.686840, 0,0
3.689280, 0,0
3.691720, 0,0
3.694160, 0,0
3.696600, 0,0
3.699040, 0,0
3.701480, 0,0
3.703920, 0,0
3.706360, 0,0
3.708800, 0,0
3.711240, 0,0
3.713680, 0,0
3.716120, 0,0
3.718560, 0,0
3.721000, 0,0
3.723440, 0,0
3.725880, 0,0
3.728320, 0,0
3.730760, 0,0
3.733200, 0,0
3.735640, 0,0
3.738080, 0,0
3.740520, 0,0
3.742960, 0,0
3.745400, 0,0
3.747840, 0,0
3.750280, 0,0
3.752720, 0,0
3.755160, 0,0
3.757600, 0,0
3.760040, 0,0
3.762480, 0,0
3.764920, 0,0
3.767360, 0,0
3.769800, 0,0
3.772240, 0,0
3.774680, 0,0
3.777120, 0,0
3.779560, 0,0
3.782000, 0,0
3.784440, 0,0
3.786880, 0,0
3.789320, 0,0
3.791760, 0,0
3.794200, 0,0
3.796640, 0,0
3.799080, 0,0
3.801520, 0,0
3.803960, 0,0
3.806400, 0,0
3.808840, 0,0
3.811280, 0,0
3.813720, 0,0
3.816160, 0,0
3.818600, 0,0
3.821040, 0,0
3.823480, 0,0
3.825920, 0,0
3.828360, 0,0
3.830800, 0,0
3.833240, 0,0
3.835680, 0,0
3.838120, 0,0
3.840560, 0,0
3.843000, 0,0
3.845440, 0,0
3.847880, 0,0
3.850320, 0,0
3.852760, 0,0
3.855200, 0,0
3.857640, 0,0
3.860080, 0,0
3.862520, 0,0
3.864960, 0,0
3.867400, 0,0
3.869840, 0,0
3.872280, 0,0
3.874720, 0,0
3.877160, 0,0
3.879600, 0,0
3.882040, 0,0
3.884480, 0,0
3.886920, 0,0
3.889360, 0,0
3.891800, 0,0
3.894240, 0,0
3.896680, 0,0
3.899120, 0,0
3.901560, 0,0
3.904000, 0,0
3.906440, 0,0
3.908880, 0,0
3.911320, 0,0
3.913760, 0,0
3.916200, 0,0
3.918640, 0,0
3.921080, 0,0
3.923520, 0,0
3.925960, 0,0
3.928400, 0,0
3.930840, 0,0
3.933280, 0,0
3.935720, 0,0
3.938160, 0,0
3.940600, 0,0
3.943040, 0,0
3.945480, 0,0
3.947920, 0,0
3.950360, 0,0
3.952800, 0,0
3.955240, 0,0
3.957680, 0,0
3.960120, 0,0
3.962560, 0,0
3.965000, 0,0
3.967440, 0,0
3.969880, 0,0
3.972320, 0,0
3.974760, 0,0
3.977200, 0,0
3.979640, 0,0
3.982080, 0,0
3.984520, 0,0
3.986960, 0,0
3.989400, 0,0
3.991840, 0,0
3.994280, 0,0
3.996720, 0,0
3.999160, 0,0
4.001600, 0,0
4.004040, 0,0
4.006480, 0,0
4.008920, 0,0
4.011360, 0,0
4.013800, 0,0
4.016240, 0,0
4.018680, 0,0
4.021120, 0,0
4.023560, 0,0
4.026000, 0,0
4.028440, 0,0
4.030880, 0,0
4.033320, 0,0
4.035760, 0,0
4.038200, 0,0
4.040640, 0,0
4.043080, 0,0
4.045520, 0,0
4.047960, 0,0
4.050400, 0,0
4.052840, 0,0
4.055280, 0,0
4.057720, 0,0
4.060160, 0,0
4.062600, 0,0
4.065040, 0,0
4.067480, 0,0
4.069920, 0,0
4.072360, 0,0
4.074800, 0,0
4.077240, 0,0
4.079680, 0,0
4.082120, 0,0
4.084560, 0,0
4.087000, 0,0
4.089440, 0,0
4.091880, 0,0
4.094320, 0,0
4.096760, 0,0
4.099200, 0,0
4.101640, 0,0
4.104080, 0,0
4.106520, 0,0
4.108960, 0,0
4.111400, 0,0
4.113840, 0,0
4.116280, 0,0
4.118720, 0,0
4.121160, 0,0
4.123600, 0,0
4.126040, 0,0
4.128480, 0,0
4.130920, 0,0
4.133360, 0,0
4.135800, 0,0
4.138240, 0,0
4.140680, 0,0
4.143120, 0,0
4.145560, 0,0
4.148000, 0,0
4.150440, 0,0
4.152880, 0,0
4.155320, 0,0
4.157760, 0,0
4.160200, 0,0
4.162640, 0,0
4.165080, 0,0
4.167520, 0,0
4.169960, 0,0
4.172400, 0,0
4.174840, 0,0
4.177280, 0,0
4.179720, 0,0
4.182160, 0,0
4.184600, 0,0
4.187040, 0,0
4.189480, 0,0
4.191920, 0,0
4.194360, 0,0
4.196800, 0,0
4.199240, 0,0
4.201680, 0,0
4.204120, 0,0
4.206560, 0,0
4.209000, 0,0
4.211440, 0,0
4.213880, 0,0
4.216320, 0,0
4.218760, 0,0
4.221200, 0,0
4.223640, 0,0
4.226080, 0,0
4.228520, 0,0
4.230960, 0,0
4.233400, 0,0
4.235840, 0,0
4.238280, 0,0
4.240720, 0,0
4.243160, 0,0
4.245600, 0,0
4.248040, 0,0
4.250480, 0,0
4.252920, 0,0
4.255360, 0,0
4.257800, 0,0
4.260240, 0,0
4.262680, 0,0
4.265120, 0,0
4.267560, 0,0
4.270000, 0,0
4.272440, 0,0
4.274880, 0,0
4.277320, 0,0
4.279760, 0,0
4.282200, 0,0
4.284640, 0,0
4.287080, 0,0
4.289520, 0,0
4.291960, 0,0
4.294400, 0,0
4.296840, 0,0
4.299280, 0,0
4.301720, 0,0
4.304160, 0,0
4.306600, 0,0
4.309040, 0,0
4.311480, 0,0
4.313920, 0,0
4.316360, 0,0
4.318800, 0,0
4.321240, 0,0
4.323680, 0,0
4.326120, 0,0
4.328560, 0,0
4.331000, 0,0
4.333440, 0,0
4.335880, 0,0
4.338320, 0,0
4.340760, 0,0
4.343200, 0,0
4.345640, 0,0
4.348080, 0,0
4.350520, 0,0
4.352960, 0,0
4.355400, 0,0
4.357840, 0,0
4.360280, 0,0
4.362720, 0,0
4.365160, 0,0
4.367600, 0,0
4.370040, 0,0
4.372480, 0,0
4.374920, 0,0
4.377360, 0,0
4.379800, 0,0
4.382240, 0,0
4.384680, 0,0
4.387120, 0,0
4.389560, 0,0
4.392000, 0,0
4.394440, 0,0
4.396880, 0,0
4.399320, 0,0
4.401760, 0,0
4.404200, 0,0
4.406640, 0,0
4.409080, 0,0
4.411520, 0,0
4.413960, 0,0
4.416400, 0,0
4.418840, 0,0
4.421280, 0,0
4.423720, 0,0
4.426160, 0,0
4.428600, 0,0
4.431040, 0,0
4.433480, 0,0
4.435920, 0,0
4.438360, 0,0
4.440800, 0,0
4.443240, 0,0
4.445680, 0,0
4.448120, 0,0
4.450560, 0,0
4.453000, 0,0
4.455440, 0,0
4.457880, 0,0
4.460320, 0,0
4.462760, 0,0
4.465200, 0,0
4.467640, 0,0
4.470080, 0,0
4.472520, 0,0
4.474960, 0,0
4.477400, 0,0
4.479840, 0,0
4.482280, 0,0
4.484720, 0,0
4.487160, 0,0
4.489600, 0,0
4.492040, 0,0
4.494480, 0,0
4.496920, 0,0
4.499360, 0,0
4.501800, 0,0
4.504240, 0,0
4.506680, 0,0
4.509120, 0,0
4.511560, 0,0
4.514000, 0,0
4.516440, 0,0
4.518880, 0,0
4.521320, 0,0
4.523760, 0,0
4.526200, 0,0
4.528640, 0,0
4.531080, 0,0
4.533520, 0,0
4.535960, 0,0
4.538400, 0,0
4.540840, 0,0
4.543280, 0,0
4.545720, 0,0
4.548160, 0,0
4.550600, 0,0
4.553040, 0,0
4.555480, 0,0
4.557920, 0,0
4.560360, 0,0
4.562800, 0,0
4.565240, 0,0
4.567680, 0,0
4.570120, 0,0
4.572560, 0,0
4.575000, 0,0
4.577440, 0,0
4.579880, 0,0
4.582320, 0,0
4.584760, 0,0
4.587200, 0,0
4.589640, 0,0
4.592080, 0,0
4.594520, 0,0
4.596960, 0,0
4.599400, 0,0
4.601840, 0,0
4.604280, 0,0
4.606720, 0,0
4.609160, 0,0
4.611600, 0,0
4.614040, 0,0
4.616480, 0,0
4.618920, 0,0
4.621360, 0,0
4.623800, 0,0
4.626240, 0,0
4.628680, 0,0
4.631120, 0,0
4.633560, 0,0
4.636000, 0,0
4.638440, 0,0
4.640880, 0,0
4.643320, 0,0
4.645760, 0,0
4.648200, 0,0
4.650640, 0,0
4.653080, 0,0
4.655520, 0,0
4.657960, 0,0
4.660400, 0,0
4.662840, 0,0
4.665280, 0,0
4.667720, 0,0
4.670160, 0,0
4.672600, 0,0
4.675040, 0,0
4.677480, 0,0
4.679920, 0,0
4.682360, 0,0
4.684800, 0,0
4.687240, 0,0
4.689680, 0,0
4.692120, 0,0
4.694560, 0,0
4.697000, 0,0
4.699440, 0,0
4.701880, 0,0
4.704320, 0,0
4.706760, 0,0
4.709200, 0,0
4.711640, 0,0
4.714080, 0,0
4.716520, 0,0
4.718960, 0,0
4.721400, 0,0
4.723840, 0,0
4.726280, 0,0
4.728720, 0,0
4.731160, 0,0
4.733600, 0,0
4.736040, 0,0
4.738480, 0,0
4.740920, 0,0
4.743360, 0,0
4.745800, 0,0
4.748240, 0,0
4.750680, 0,0
4.753120, 0,0
4.755560, 0,0
4.758000, 0,0
4.760440, 0,0
4.762880, 0,0
4.765320, 0,0
4.767760, 0,0
4.770200, 0,0
4.772640, 0,0
4.775080, 0,0
4.777520, 0,0
4.779960, 0,0
4.782400, 0,0
4.784840, 0,0
4.787280, 0,0
4.789720, 0,0
4.792160, 0,0
4.794600, 0,0
4.797040, 0,0
4.799480, 0,0
4.801920, 0,0
4.804360, 0,0
4.806800, 0,0
4.809240, 0,0
4.811680, 0,0
4.814120, 0,0
4.816560, 0,0
4.819000, 0,0
4.821440, 0,0
4.823880, 0,0
4.826320, 0,0
4.828760, 0,0
4.831200, 0,0
4.833640, 0,0
4.836080, 0,0
4.838520, 0,0
4.840960, 0,0
4.843400, 0,0
4.845840, 0,0
4.848280, 0,0
4.850720, 0,0
4.853160, 0,0
4.855600, 0,0
4.858040, 0,0
4.860480, 0,0
4.862920, 0,0
4.865360, 0,0
4.867800, 0,0
4.870240, 0,0
4.872680, 0,0
4.875120, 0,0
4.877560, 0,0
4.880000, 0,0
4.882440, 0,0
4.884880, 0,0
4.887320, 0,0
4.889760, 0,0
4.892200, 0,0
4.894640, 0,0
4.897080, 0,0
4.899520, 0,0
4.901960, 0,0
4.904400, 0,0
4.906840, 0,0
4.909280, 0,0
4.911720, 0,0
4.914160, 0,0
4.916600, 0,0
4.919040, 0,0
4.921480, 0,0
4.923920, 0,0
4.926360, 0,0
4.928800, 0,0
4.931240, 0,0
4.933680, 0,0
4.936120, 0,0
4.938560, 0,0
4.941000, 0,0
4.943440, 0,0
4.945880, 0,0
4.948320, 0,0
4.950760, 0,0
4.953200, 0,0
4.955640, 0,0
4.958080, 0,0
4.960520, 0,0
4.962960, 0,0
4.965400, 0,0
4.967840, 0,0
4.970280, 0,0
4.972720, 0,0
4.975160, 0,0
4.977600, 0,0
4.980040, 0,0
4.982480, 0,0
4.984920, 0,0
4.987360, 0,0
4.989800, 0,0
4.992240, 0,0
4.994680, 0,0
4.997120, 0,0
4.999560, 0,0
5.002000, 0,0
5.004440, 0,0
5.006880, 0,0
5.009320, 0,0
5.011760, 0,0
5.014200, 0,0
5.016640, 0,0
5.019080, 0,0
5.021520, 0,0
5.023960, 0,0
5.026400, 0,0
5.028840, 0,0
5.031280, 0,0
5.033720, 0,0
5.036160, 0,0
5.038600, 0,0
5.041040, 0,0
5.043480, 0,0
5.045920, 0,0
5.048360, 0,0
5.050800, 0,0
5.053240, 0,0
5.055680, 0,0
5.058120, 0,0
5.060560, 0,0
5.063000, 0,0
5.065440, 0,0
5.067880, 0,0
5.070320, 0,0
5.072760, 0,0
5.075200, 0,0
5.077640, 0,0
5.080080, 0,0
5.082520, 0,0
5.084960, 0,0
5.087400, 0,0
5.089840, 0,0
5.092280, 0,0
5.094720, 0,0
5.097160, 0,0
5.099600, 0,0
5.102040, 0,0
5.104480, 0,0
5.106920, 0,0
5.109360, 0,0
5.111800, 0,0
5.114240, 0,0
5.116680, 0,0
5.119120, 0,0
5.121560, 0,0
5.124000, 0,0
5.126440, 0,0
5.128880, 0,0
5.131320, 0,0
5.133760, 0,0
5.136200, 0,0
5.138640, 0,0
5.141080, 0,0
5.143520, 0,0
5.145960, 0,0
5.148400, 0,0
5.150840, 0,0
5.153280, 0,0
5.155720, 0,0
5.158160, 0,0
5.160600, 0,0
5.163040, 0,0
5.165480, 0,0
5.167920, 0,0
5.170360, 0,0
5.172800, 0,0
5.175240, 0,0
5.177680, 0,0
5.180120, 0,0
5.182560, 0,0
5.185000, 0,0
5.187440, 0,0
5.189880, 0,0
5.192320, 0,0
5.194760, 0,0
5.197200, 0,0
5.199640, 0,0
5.202080, 0,0
5.204520, 0,0
5.206960, 0,0
5.209400, 0,0
5.211840, 0,0
5.214280, 0,0
5.216720, 0,0
5.219160, 0,0
5.221600, 0,0
5.224040, 0,0
5.226480, 0,0
5.228920, 0,0
5.231360, 0,0
5.233800, 0,0
5.236240, 0,0
5.238680, 0,0
5.241120, 0,0
5.243560, 0,0
5.246000, 0,0
5.248440, 0,0
5.250880, 0,0
5.253320, 0,0
5.255760, 0,0
5.258200, 0,0
5.260640, 0,0
5.263080, 0,0
5.265520, 0,0
5.267960, 0,0
5.270400, 0,0
5.272840, 0,0
5.275280, 0,0
5.277720, 0,0
5.280160, 0,0
5.282600, 0,0
5.285040, 0,0
5.287480, 0,0
5.289920, 0,0
5.292360, 0,0
5.294800, 0,0
5.297240, 0,0
5.299680, 0,0
5.302120, 0,0
5.304560, 0,0
5.307000, 0,0
5.309440, 0,0
5.311880, 0,0
5.314320, 0,0
5.316760, 0,0
5.319200, 0,0
5.321640, 0,0
5.324080, 0,0
5.326520, 0,0
5.328960, 0,0
5.331400, 0,0
5.333840, 0,0
5.336280, 0,0
5.338720, 0,0
5.341160, 0,0
5.343600, 0,0
5.346040, 0,0
5.348480, 0,0
5.350920, 0,0
5.353360, 0,0
5.355800, 0,0
5.358240, 0,0
5.360680, 0,0
5.363120, 0,0
5.365560, 0,0
5.368000, 0,0
5.370440, 0,0
5.372880, 0,0
5.375320, 0,0
5.377760, 0,0
5.380200, 0,0
5.382640, 0,0
5.385080, 0,0
5.387520, 0,0
5.389960, 0,0
5.392400, 0,0
5.394840, 0,0
5.397280, 0,0
5.399720, 0,0
5.402160, 0,0
5.404600, 0,0
5.407040, 0,0
5.409480, 0,0
5.411920, 0,0
5.414360, 0,0
5.416800, 0,0
5.419240, 0,0
5.421680, 0,0
5.424120, 0,0
5.426560, 0,0
5.429000, 0,0
5.431440, 0,0
5.433880, 0,0
5.436320, 0,0
5.438760, 0,0
5.441200, 0,0
5.443640, 0,0
5.446080, 0,0
5.448520, 0,0
5.450960, 0,0
5.453400, 0,0
5.455840, 0,0
5.458280, 0,0
5.460720, 0,0
5.463160, 0,0
5.465600, 0,0
5.468040, 0,0
5.470480, 0,0
5.472920, 0,0
5.475360, 0,0
5.477800, 0,0
5.480240, 0,0
5.482680, 0,0
5.485120, 0,0
5.487560, 0,0
5.490000, 0,0
5.492440, 0,0
5.494880, 0,0
5.497320, 0,0
5.499760, 0,0
5.502200, 0,0
5.504640, 0,0
5.507080, 0,0
5.509520, 0,0
5.511960, 0,0
5.514400, 0,0
5.516840, 0,0
5.519280, 0,0
5.521720, 0,0
5.524160, 0,0
5.526600, 0,0
5.529040, 0,0
5.531480, 0,0
5.533920, 0,0
5.536360, 0,0
5.538800, 0,0
5.541240, 0,0
5.543680, 0,0
5.546120, 0,0
5.548560, 0,0
5.551000, 0,0
5.553440, 0,0
5.555880, 0,0
5.558320, 0,0
5.560760, 0,0
5.563200, 0,0
5.565640, 0,0
5.568080, 0,0
5.570520, 0,0
5.572960, 0,0
5.575400, 0,0
5.577840, 0,0
5.580280, 0,0
5.582720, 0,0
5.585160, 0,0
5.587600, 0,0
5.590040, 0,0
5.592480, 0,0
5.594920, 0,0
5.597360, 0,0
5.599800, 0,0
5.602240, 0,0
5.604680, 0,0
5.607120, 0,0
5.609560, 0,0
5.612000, 0,0
5.614440, 0,0
5.616880, 0,0
5.619320, 0,0
5.621760, 0,0
5.624200, 0,0
5.626640, 0,0
5.629080, 0,0
5.631520, 0,0
5.633960, 0,0
5.636400, 0,0
5.638840, 0,0
5.641280, 0,0
5.643720, 0,0
5.646160, 0,0
5.648600, 0,0
5.651040, 0,0
5.653480, 0,0
5.655920, 0,0
5.658360, 0,0
5.660800, 0,0
5.663240, 0,0
5.665680, 0,0
5.668120, 0,0
5.670560, 0,0
5.673000, 0,0
5.675440, 0,0
5.677880, 0,0
5.680320, 0,0
5.682760, 0,0
5.685200, 0,0
5.687640, 0,0
5.690080, 0,0
5.692520, 0,0
5.694960, 0,0
5.697400, 0,0
5.699840, 0,0
5.702280, 0,0
5.704720, 0,0
5.707160, 0,0
5.709600, 0,0
5.712040, 0,0
5.714480, 0,0
5.716920, 0,0
5.719360, 0,0
5.721800, 0,0
5.724240, 0,0
5.726680, 0,0
5.729120, 0,0
5.731560, 0,0
5.734000, 0,0
5.736440, 0,0
5.738880, 0,0
5.741320, 0,0
5.743760, 0,0
5.746200, 0,0
5.748640, 0,0
5.751080, 0,0
5.753520, 0,0
5.755960, 0,0
5.758400, 0,0
5.760840, 0,0
5.763280, 0,0
5.765720, 0,0
5.768160, 0,0
5.770600, 0,0
5.773040, 0,0
5.775480, 0,0
5.777920, 0,0
5.780360, 0,0
5.782800, 0,0
5.785240, 0,0
5.787680, 0,0
5.790120, 0,0
5.792560, 0,0
5.795000, 0,0
5.797440, 0,0
5.799880, 0,0
5.802320, 0,0
5.804760, 0,0
5.807200, 0,0
5.809640, 0,0
5.812080, 0,0
5.814520, 0,0
5.816960, 0,0
5.819400, 0,0
5.821840, 0,0
5.824280, 0,0
5.826720, 0,0
5.829160, 0,0
5.831600, 0,0
5.834040, 0,0
5.836480, 0,0
5.838920, 0,0
5.841360, 0,0
5.843800, 0,0
5.846240, 0,0
5.848680, 0,0
5.851120, 0,0
5.853560, 0,0
5.856000, 0,0
5.858440, 0,0
5.860880, 0,0
5.863320, 0,0
5.865760, 0,0
5.868200, 0,0
5.870640, 0,0
5.873080, 0,0
5.875520, 0,0
5.877960, 0,0
5.880400, 0,0
5.882840, 0,0
5.885280, 0,0
5.887720, 0,0
5.890160, 0,0
5.892600, 0,0
5.895040, 0,0
5.897480, 0,0
5.899920, 0,0
5.902360, 0,0
5.904800, 0,0
5.907240, 0,0
5.909680, 0,0
5.912120, 0,0
5.914560, 0,0
5.917000, 0,0
5.919440, 0,0
5.921880, 0,0
5.924320, 0,0
5.926760, 0,0
5.929200, 0,0
5.931640, 0,0
5.934080, 0,0
5.936520, 0,0
5.938960, 0,0
5.941400, 0,0
5.943840, 0,0
5.946280, 0,0
5.948720, 0,0
5.951160, 0,0
5.953600, 0,0
5.956040, 0,0
5.958480, 0,0
5.960920, 0,0
5.963360, 0,0
5.965800, 0,0
5.968240, 0,0
5.970680, 0,0
5.973120, 0,0
5.975560, 0,0
5.978000, 0,0
5.980440, 0,0
5.982880, 0,0
5.985320, 0,0
5.987760, 0,0
5.990200, 0,0
5.992640, 0,0
5.995080, 0,0
5.997520, 0,0
5.999960, 0,0
6.002400, 0,0
6.004840, 0,0
6.007280, 0,0
6.009720, 0,0
6.012160, 0,0
6.014600, 0,0
6.017040, 0,0
6.019480, 0,0
6.021920, 0,0
6.024360, 0,0
6.026800, 0,0
6.029240, 0,0
6.031680, 0,0
6.034120, 0,0
6.036560, 0,0
6.039000, 0,0
6.041440, 0,0
6.043880, 0,0
6.046320, 0,0
6.048760, 0,0
6.051200, 0,0
6.053640, 0,0
6.056080, 0,0
6.058520, 0,0
6.060960, 0,0
6.063400, 0,0
6.065840, 0,0
6.068280, 0,0
6.070720, 0,0
6.073160, 0,0
6.075600, 0,0
6.078040, 0,0
6.080480, 0,0
6.082920, 0,0
6.085360, 0,0
6.087800, 0,0
6.090240, 0,0
6.092680, 0,0
6.095120, 0,0
6.097560, 0,0
6.100000, 0,0
6.102440, 0,0
6.104880, 0,0
6.107320, 0,0
6.109760, 0,0
6.112200, 0,0
6.114640, 0,0
6.117080, 0,0
6.119520, 0,0
6.121960, 0,0
6.124400, 0,0
6.126840, 0,0
6.129280, 0,0
6.131720, 0,0
6.134160, 0,0
6.136600, 0,0
6.139040, 0,0
6.141480, 0,0
6.143920, 0,0
6.146360, 0,0
6.148800, 0,0
6.151240, 0,0
6.153680, 0,0
6.156120, 0,0
6.158560, 0,0
6.161000, 0,0
6.163440, 0,0
6.165880, 0,0
6.168320, 0,0
6.170760, 0,0
6.173200, 0,0
6.175640, 0,0
6.178080, 0,0
6.180520, 0,0
6.182960, 0,0
6.185400, 0,0
6.187840, 0,0
6.190280, 0,0
6.192720, 0,0
6.195160, 0,0
6.197600, 0,0
6.200040, 0,0
6.202480, 0,0
6.204920, 0,0
6.207360, 0,0
6.209800, 0,0
6.212240, 0,0
6.214680, 0,0
6.217120, 0,0
6.219560, 0,0
6.222000, 0,0
6.224440, 0,0
6.226880, 0,0
6.229320, 0,0
6.231760, 0,0
6.234200, 0,0
6.236640, 0,0
6.239080, 0,0
6.241520, 0,0
6.243960, 0,0
6.246400, 0,0
6.248840, 0,0
6.251280, 0,0
6.253720, 0,0
6.256160, 0,0
6.258600, 0,0
6.261040, 0,0
6.263480, 0,0
6.265920, 0,0
6.268360, 0,0
6.270800, 0,0
6.273240, 0,0
6.275680, 0,0
6.278120, 0,0
6.280560, 0,0
6.283000, 0,0
6.285440, 0,0
6.287880, 0,0
6.290320, 0,0
6.292760, 0,0
6.295200, 0,0
6.297640, 0,0
6.300080, 0,0
6.302520, 0,0
6.304960, 0,0
6.307400, 0,0
6.309840, 0,0
6.312280, 0,0
6.314720, 0,0
6.317160, 0,0
6.319600, 0,0
6.322040, 0,0
6.324480, 0,0
6.326920, 0,0
6.329360, 0,0
6.331800, 0,0
6.334240, 0,0
6.336680, 0,0
6.339120, 0,0
6.341560, 0,0
6.344000, 0,0
6.346440, 0,0
6.348880, 0,0
6.351320, 0,0
6.353760, 0,0
6.356200, 0,0
6.358640, 0,0
6.361080, 0,0
6.363520, 0,0
6.365960, 0,0
6.368400, 0,0
6.370840, 0,0
6.373280, 0,0
6.375720, 0,0
6.378160, 0,0
6.380600, 0,0
6.383040, 0,0
6.385480, 0,0
6.387920, 0,0
6.390360, 0,0
6.392800, 0,0
6.395240, 0,0
6.397680, 0,0
6.400120, 0,0
6.402560, 0,0
6.405000, 0,0
6.407440, 0,0
6.409880, 0,0
6.412320, 0,0
6.414760, 0,0
6.417200, 0,0
6.419640, 0,0
6.422080, 0,0
6.424520, 0,0
6.426960, 0,0
6.429400, 0,0
6.431840, 0,0
6.434280, 0,0
6.436720, 0,0
6.439160, 0,0
6.441600, 0,0
6.444040, 0,0
6.446480, 0,0
6.448920, 0,0
6.451360, 0,0
6.453800, 0,0
6.456240, 0,0
6.458680, 0,0
6.461120, 0,0
6.463560, 0,0
6.466000, 0,0
6.468440, 0,0
6.470880, 0,0
6.473320, 0,0
6.475760, 0,0
6.478200, 0,0
6.480640, 0,0
6.483080, 0,0
6.485520, 0,0
6.487960, 0,0
6.490400, 0,0
6.492840, 0,0
6.495280, 0,0
6.497720, 0,0
6.500160, 0,0
6.502600, 0,0
6.505040, 0,0
6.507480, 0,0
6.509920, 0,0
6.512360, 0,0
6.514800, 0,0
6.517240, 0,0
6.519680, 0,0
6.522120, 0,0
6.524560, 0,0
6.527000, 0,0
6.529440, 0,0
6.531880, 0,0
6.534320, 0,0
6.536760, 0,0
6.539200, 0,0
6.541640, 0,0
6.544080, 0,0
6.546520, 0,0
6.548960, 0,0
6.551400, 0,0
6.553840, 0,0
6.556280, 0,0
6.558720, 0,0
6.561160, 0,0
6.563600, 0,0
6.566040, 0,0
6.568480, 0,0
6.570920, 0,0
6.573360, 0,0
6.575800, 0,0
6.578240, 0,0
6.580680, 0,0
6.583120, 0,0
6.585560, 0,0
6.588000, 0,0
6.590440, 0,0
6.592880, 0,0
6.595320, 0,0
6.597760, 0,0
6.600200, 0,0
6.602640, 0,0
6.605080, 0,0
6.607520, 0,0
6.609960, 0,0
6.612400, 0,0
6.614840, 0,0
6.617280, 0,0
6.619720, 0,0
6.622160, 0,0
6.624600, 0,0
6.627040, 0,0
6.629480, 0,0
6.631920, 0,0
6.634360, 0,0
6.636800, 0,0
6.639240, 0,0
6.641680, 0,0
6.644120, 0,0
6.646560, 0,0
6.649000, 0,0
6.651440, 0,0
6.653880, 0,0
6.656320, 0,0
6.658760, 0,0
6.661200, 0,0
6.663640, 0,0
6.666080, 0,0
6.668520, 0,0
6.670960, 0,0
6.673400, 0,0
6.675840, 0,0
6.678280, 0,0
6.680720, 0,0
6.683160, 0,0
6.685600, 0,0
6.688040, 0,0
6.690480, 0,0
6.692920, 0,0
6.695360, 0,0
6.697800, 0,0
6.700240, 0,0
6.702680, 0,0
6.705120, 0,0
6.707560, 0,0
6.710000, 0,0
6.712440, 0,0
6.714880, 0,0
6.717320, 0,0
6.719760, 0,0
6.722200, 0,0
6.724640, 0,0
6.727080, 0,0
6.729520, 0,0
6.731960, 0,0
6.734400, 0,0
6.736840, 0,0
6.739280, 0,0
6.741720, 0,0
6.744160, 0,0
6.746600, 0,0
6.749040, 0,0
6.751480, 0,0
6.753920, 0,0
6.756360, 0,0
6.758800, 0,0
6.761240, 0,0
6.763680, 0,0
6.766120, 0,0
6.768560, 0,0
6.771000, 0,0
6.773440, 0,0
6.775880, 0,0
6.778320, 0,0
6.780760, 0,0
6.783200, 0,0
6.785640, 0,0
6.788080, 0,0
6.790520, 0,0
6.792960, 0,0
6.795400, 0,0
6.797840, 0,0
6.800280, 0,0
6.802720, 0,0
6.805160, 0,0
6.807600, 0,0
6.810040, 0,0
6.812480, 0,0
6.814920, 0,0
6.817360, 0,0
6.819800, 0,0
6.822240, 0,0
6.824680, 0,0
6.827120, 0,0
6.829560, 0,0
6.832000, 0,0
6.834440, 0,0
6.836880, 0,0
6.839320, 0,0
6.841760, 0,0
6.844200, 0,0
6.846640, 0,0
6.849080, 0,0
6.851520, 0,0
6.853960, 0,0
6.856400, 0,0
6.858840, 0,0
6.861280, 0,0
6.863720, 0,0
6.866160, 0,0
6.868600, 0,0
6.871040, 0,0
6.873480, 0,0
6.875920, 0,0
6.878360, 0,0
6.880800, 0,0
6.883240, 0,0
6.885680, 0,0
6.888120, 0,0
6.890560, 0,0
6.893000, 0,0
6.895440, 0,0
6.897880, 0,0
6.900320, 0,0
6.902760, 0,0
6.905200, 0,0
6.907640, 0,0
6.910080, 0,0
6.912520, 0,0
6.914960, 0,0
6.917400, 0,0
6.919840, 0,0
6.922280, 0,0
6.924720, 0,0
6.927160, 0,0
6.929600, 0,0
6.932040, 0,0
6.934480, 0,0
6.936920, 0,0
6.939360, 0,0
6.941800, 0,0
6.944240, 0,0
6.946680, 0,0
6.949120, 0,0
6.951560, 0,0
6.954000, 0,0
6.956440, 0,0
6.958880, 0,0
6.961320, 0,0
6.963760, 0,0
6.966200, 0,0
6.968640, 0,0
6.971080, 0,0
6.973520, 0,0
6.975960, 0,0
6.978400, 0,0
6.980840, 0,0
6.983280, 0,0
6.985720, 0,0
6.988160, 0,0
6.990600, 0,0
6.993040, 0,0
6.995480, 0,0
6.997920, 0,0
7.000360, 0,0
7.002800, 0,0
7.005240, 0,0
7.007680, 0,0
7.010120, 0,0
7.012560, 0,0
7.015000, 0,0
7.017440, 0,0
7.019880, 0,0
7.022320, 0,0
7.024760, 0,0
7.027200, 0,0
7.029640, 0,0
7.032080, 0,0
7.034520, 0,0
7.036960, 0,0
7.039400, 0,0
7.041840, 0,0
7.044280, 0,0
7.046720, 0,0
7.049160, 0,0
7.051600, 0,0
7.054040, 0,0
7.056480, 0,0
7.058920, 0,0
7.061360, 0,0
7.063800, 0,0
7.066240, 0,0
7.068680, 0,0
7.071120, 0,0
7.073560, 0,0
7.076000, 0,0
7.078440, 0,0
7.080880, 0,0
7.083320, 0,0
7.085760, 0,0
7.088200, 0,0
7.090640, 0,0
7.093080, 0,0
7.095520, 0,0
7.097960, 0,0
7.100400, 0,0
7.102840, 0,0
7.105280, 0,0
7.107720, 0,0
7.110160, 0,0
7.112600, 0,0
7.115040, 0,0
7.117480, 0,0
7.119920, 0,0
7.122360, 0,0
7.124800, 0,0
7.127240, 0,0
7.129680, 0,0
7.132120, 0,0
7.134560, 0,0
7.137000, 0,0
7.139440, 0,0
7.141880, 0,0
7.144320, 0,0
7.146760, 0,0
7.149200, 0,0
7.151640, 0,0
7.154080, 0,0
7.156520, 0,0
7.158960, 0,0
7.161400, 0,0
7.163840, 0,0
7.166280, 0,0
7.168720, 0,0
7.171160, 0,0
7.173600, 0,0
7.176040, 0,0
7.178480, 0,0
7.180920, 0,0
7.183360, 0,0
7.185800, 0,0
7.188240, 0,0
7.190680, 0,0
7.193120, 0,0
7.195560, 0,0
7.198000, 0,0
7.200440, 0,0
7.202880, 0,0
7.205320, 0,0
7.207760, 0,0
7.210200, 0,0
7.212640, 0,0
7.215080, 0,0
7.217520, 0,0
7.219960, 0,0
7.222400, 0,0
7.224840, 0,0
7.227280, 0,0
7.229720, 0,0
7.232160, 0,0
7.234600, 0,0
7.237040, 0,0
7.239480, 0,0
7.241920, 0,0
7.244360, 0,0
7.246800, 0,0
7.249240, 0,0
7.251680, 0,0
7.254120, 0,0
7.256560, 0,0
7.259000, 0,0
7.261440, 0,0
7.263880, 0,0
7.266320, 0,0
7.268760, 0,0
7.271200, 0,0
7.273640, 0,0
7.276080, 0,0
7.278520, 0,0
7.280960, 0,0
7.283400, 0,0
7.285840, 0,0
7.288280, 0,0
7.290720, 0,0
7.293160, 0,0
7.295600, 0,0
7.298040, 0,0
7.300480, 0,0
7.302920, 0,0
7.305360, 0,0
7.307800, 0,0
7.310240, 0,0
7.312680, 0,0
7.315120, 0,0
7.317560, 0,0
7.320000, 0,0
7.322440, 0,0
7.324880, 0,0
7.327320, 0,0
7.329760, 0,0
7.332200, 0,0
7.334640, 0,0
7.337080, 0,0
7.339520, 0,0
7.341960, 0,0
7.344400, 0,0
7.346840, 0,0
7.349280, 0,0
7.351720, 0,0
7.354160, 0,0
7.356600, 0,0
7.359040, 0,0
7.361480, 0,0
7.363920, 0,0
7.366360, 0,0
7.368800, 0,0
7.371240, 0,0
7.373680, 0,0
7.376120, 0,0
7.378560, 0,0
7.381000, 0,0
7.383440, 0,0
7.385880, 0,0
7.388320, 0,0
7.390760, 0,0
7.393200, 0,0
7.395640, 0,0
7.398080, 0,0
7.400520, 0,0
7.402960, 0,0
7.405400, 0,0
7.407840, 0,0
7.410280, 0,0
7.412720, 0,0
7.415160, 0,0
7.417600, 0,0
7.420040, 0,0
7.422480, 0,0
7.424920, 0,0
7.427360, 0,0
7.429800, 0,0
7.432240, 0,0
7.434680, 0,0
7.437120, 0,0
7.439560, 0,0
7.442000, 0,0
7.444440, 0,0
7.446880, 0,0
7.449320, 0,0
7.451760, 0,0
7.454200, 0,0
7.456640, 0,0
7.459080, 0,0
7.461520, 0,0
7.463960, 0,0
7.466400, 0,0
7.468840, 0,0
7.471280, 0,0
7.473720, 0,0
7.476160, 0,0
7.478600, 0,0
7.481040, 0,0
7.483480, 0,0
7.485920, 0,0
7.488360, 0,0
7.490800, 0,0
7.493240, 0,0
7.495680, 0,0
7.498120, 0,0
7.500560, 0,0
7.503000, 0,0
7.505440, 0,0
7.507880, 0,0
7.510320, 0,0
7.512760, 0,0
7.515200, 0,0
7.517640, 0,0
7.520080, 0,0
7.522520, 0,0
7.524960, 0,0
7.527400, 0,0
7.529840, 0,0
7.532280, 0,0
7.534720, 0,0
7.537160, 0,0
7.539600, 0,0
7.542040, 0,0
7.544480, 0,0
7.546920, 0,0
7.549360, 0,0
7.551800, 0,0
7.554240, 0,0
7.556680, 0,0
7.559120, 0,0
7.561560, 0,0
7.564000, 0,0
7.566440, 0,0
7.568880, 0,0
7.571320, 0,0
7.573760, 0,0
7.576200, 0,0
7.578640, 0,0
7.581080, 0,0
7.583520, 0,0
7.585960, 0,0
7.588400, 0,0
7.590840, 0,0
7.593280, 0,0
7.595720, 0,0
7.598160, 0,0
7.600600, 0,0
7.603040, 0,0
7.605480, 0,0
7.607920, 0,0
7.610360, 0,0
7.612800, 0,0
7.615240, 0,0
7.617680, 0,0
7.620120, 0,0
7.622560, 0,0
7.625000, 0,0
7.627440, 0,0
7.629880, 0,0
7.632320, 0,0
7.634760, 0,0
7.637200, 0,0
7.639640, 0,0
7.642080, 0,0
7.644520, 0,0
7.646960, 0,0
7.649400, 0,0
7.651840, 0,0
7.654280, 0,0
7.656720, 0,0
7.659160, 0,0
7.661600, 0,0
7.664040, 0,0
7.666480, 0,0
7.668920, 0,0
7.671360, 0,0
7.673800, 0,0
7.676240, 0,0
7.678680, 0,0
7.681120, 0,0
7.683560, 0,0
7.686000, 0,0
7.688440, 0,0
7.690880, 0,0
7.693320, 0,0
7.695760, 0,0
7.698200, 0,0
7.700640, 0,0
7.703080, 0,0
7.705520, 0,0
7.707960, 0,0
7.710400, 0,0
7.712840, 0,0
7.715280, 0,0
7.717720, 0,0
7.720160, 0,0
7.722600, 0,0
7.725040, 0,0
7.727480, 0,0
7.729920, 0,0
7.732360, 0,0
7.734800, 0,0
7.737240, 0,0
7.739680, 0,0
7.742120, 0,0
7.744560, 0,0
7.747000, 0,0
7.749440, 0,0
7.751880, 0,0
7.754320, 0,0
7.756760, 0,0
7.759200, 0,0
7.761640, 0,0
7.764080, 0,0
7.766520, 0,0
7.768960, 0,0
7.771400, 0,0
7.773840, 0,0
7.776280, 0,0
7.778720, 0,0
7.781160, 0,0
7.783600, 0,0
7.786040, 0,0
7.788480, 0,0
7.790920, 0,0
7.793360, 0,0
7.795800, 0,0
7.798240, 0,0
7.800680, 0,0
7.803120, 0,0
7.805560, 0,0
7.808000, 0,0
7.810440, 0,0
7.812880, 0,0
7.815320, 0,0
7.817760, 0,0
7.820200, 0,0
7.822640, 0,0
7.825080, 0,0
7.827520, 0,0
7.829960, 0,0
7.832400, 0,0
7.834840, 0,0
7.837280, 0,0
7.839720, 0,0
7.842160, 0,0
7.844600, 0,0
7.847040, 0,0
7.849480, 0,0
7.851920, 0,0
7.854360, 0,0
7.856800, 0,0
7.859240, 0,0
7.861680, 0,0
7.864120, 0,0
7.866560, 0,0
7.869000, 0,0
7.871440, 0,0
7.873880, 0,0
7.876320, 0,0
7.878760, 0,0
7.881200, 0,0
7.883640, 0,0
7.886080, 0,0
7.888520, 0,0
7.890960, 0,0
7.893400, 0,0
7.895840, 0,0
7.898280, 0,0
7.900720, 0,0
7.903160, 0,0
7.905600, 0,0
7.908040, 0,0
7.910480, 0,0
7.912920, 0,0
7.915360, 0,0
7.917800, 0,0
7.920240, 0,0
7.922680, 0,0
7.925120, 0,0
7.927560, 0,0
7.930000, 0,0
7.932440, 0,0
7.934880, 0,0
7.937320, 0,0
7.939760, 0,0
7.942200, 0,0
7.944640, 0,0
7.947080, 0,0
7.949520, 0,0
7.951960, 0,0
7.954400, 0,0
7.956840, 0,0
7.959280, 0,0
7.961720, 0,0
7.964160, 0,0
7.966600, 0,0
7.969040, 0,0
7.971480, 0,0
7.973920, 0,0
7.976360, 0,0
7.978800, 0,0
7.981240, 0,0
7.983680, 0,0
7.986120, 0,0
7.988560, 0,0
7.991000, 0,0
7.993440, 0,0
7.995880, 0,0
7.998320, 0,0
8.000760, 0,0
8.003200, 0,0
8.005640, 0,0
8.008080, 0,0
8.010520, 0,0
8.012960, 0,0
8.015400, 0,0
8.017840, 0,0
8.020280, 0,0
8.022720, 0,0
8.025160, 0,0
8.027600, 0,0
8.030040, 0,0
8.032480, 0,0
8.034920, 0,0
8.037360, 0,0
8.039800, 0,0
8.042240, 0,0
8.044680, 0,0
8.047120, 0,0
8.049560, 0,0
8.052000, 0,0
8.054440, 0,0
8.056880, 0,0
8.059320, 0,0
8.061760, 0,0
8.064200, 0,0
8.066640, 0,0
8.069080, 0,0
8.071520, 0,0
8.073960, 0,0
8.076400, 0,0
8.078840, 0,0
8.081280, 0,0
8.083720, 0,0
8.086160, 0,0
8.088600, 0,0
8.091040, 0,0
8.093480, 0,0
8.095920, 0,0
8.098360, 0,0
8.100800, 0,0
8.103240, 0,0
8.105680, 0,0
8.108120, 0,0
8.110560, 0,0
8.113000, 0,0
8.115440, 0,0
8.117880, 0,0
8.120320, 0,0
8.122760, 0,0
8.125200, 0,0
8.127640, 0,0
8.130080, 0,0
8.132520, 0,0
8.134960, 0,0
8.137400, 0,0
8.139840, 0,0
8.142280, 0,0
8.144720, 0,0
8.147160, 0,0
8.149600, 0,0
8.152040, 0,0
8.154480, 0,0
8.156920, 0,0
8.159360, 0,0
8.161800, 0,0
8.164240, 0,0
8.166680, 0,0
8.169120, 0,0
8.171560, 0,0
8.174000, 0,0
8.176440, 0,0
8.178880, 0,0
8.181320, 0,0
8.183760, 0,0
8.186200, 0,0
8.188640, 0,0
8.191080, 0,0
8.193520, 0,0
8.195960, 0,0
8.198400, 0,0
8.200840, 0,0
8.203280, 0,0
8.205720, 0,0
8.208160, 0,0
8.210600, 0,0
8.213040, 0,0
8.215480, 0,0
8.217920, 0,0
8.220360, 0,0
8.222800, 0,0
8.225240, 0,0
8.227680, 0,0
8.230120, 0,0
8.232560, 0,0
8.235000, 0,0
8.237440, 0,0
8.239880, 0,0
8.242320, 0,0
8.244760, 0,0
8.247200, 0,0
8.249640, 0,0
8.252080, 0,0
8.254520, 0,0
8.256960, 0,0
8.259400, 0,0
8.261840, 0,0
8.264280, 0,0
8.266720, 0,0
8.269160, 0,0
8.271600, 0,0
8.274040, 0,0
8.276480, 0,0
8.278920, 0,0
8.281360, 0,0
8.283800, 0,0
8.286240, 0,0
8.288680, 0,0
8.291120, 0,0
8.293560, 0,0
8.296000, 0,0
8.298440, 0,0
8.300880, 0,0
8.303320, 0,0
8.305760, 0,0
8.308200, 0,0
8.310640, 0,0
8.313080, 0,0
8.315520, 0,0
8.317960, 0,0
8.320400, 0,0
8.322840, 0,0
8.325280, 0,0
8.327720, 0,0
8.330160, 0,0
8.332600, 0,0
8.335040, 0,0
8.337480, 0,0
8.339920, 0,0
8.342360, 0,0
8.344800, 0,0
8.347240, 0,0
8.349680, 0,0
8.352120, 0,0
8.354560, 0,0
8.357000, 0,0
8.359440, 0,0
8.361880, 0,0
8.364320, 0,0
8.366760, 0,0
8.369200, 0,0
8.371640, 0,0
8.374080, 0,0
8.376520, 0,0
8.378960, 0,0
8.381400, 0,0
8.383840, 0,0
8.386280, 0,0
8.388720, 0,0
8.391160, 0,0
8.393600, 0,0
8.396040, 0,0
8.398480, 0,0
8.400920, 0,0
8.403360, 0,0
8.405800, 0,0
8.408240, 0,0
8.410680, 0,0
8.413120, 0,0
8.415560, 0,0
8.418000, 0,0
8.420440, 0,0
8.422880, 0,0
8.425320, 0,0
8.427760, 0,0
8.430200, 0,0
8.432640, 0,0
8.435080, 0,0
8.437520, 0,0
8.439960, 0,0
8.442400, 0,0
8.444840, 0,0
8.447280, 0,0
8.449720, 0,0
8.452160, 0,0
8.454600, 0,0
8.457040, 0,0
8.459480, 0,0
8.461920, 0,0
8.464360, 0,0
8.466800, 0,0
8.469240, 0,0
8.471680, 0,0
8.474120, 0,0
8.476560, 0,0
8.479000, 0,0
8.481440, 0,0
8.483880, 0,0
8.486320, 0,0
8.488760, 0,0
8.491200, 0,0
8.493640, 0,0
8.496080, 0,0
8.498520, 0,0
8.500960, 0,0
8.503400, 0,0
8.505840, 0,0
8.508280, 0,0
8.510720, 0,0
8.513160, 0,0
8.515600, 0,0
8.518040, 0,0
8.520480, 0,0
8.522920, 0,0
8.525360, 0,0
8.527800, 0,0
8.530240, 0,0
8.532680, 0,0
8.535120, 0,0
8.537560, 0,0
8.540000, 0,0
8.542440, 0,0
8.544880, 0,0
8.547320, 0,0
8.549760, 0,0
8.552200, 0,0
8.554640, 0,0
8.557080, 0,0
8.559520, 0,0
8.561960, 0,0
8.564400, 0,0
8.566840, 0,0
8.569280, 0,0
8.571720, 0,0
8.574160, 0,0
8.576600, 0,0
8.579040, 0,0
8.581480, 0,0
8.583920, 0,0
8.586360, 0,0
8.588800, 0,0
8.591240, 0,0
8.593680, 0,0
8.596120, 0,0
8.598560, 0,0
8.601000, 0,0
8.603440, 0,0
8.605880, 0,0
8.608320, 0,0
8.610760, 0,0
8.613200, 0,0
8.615640, 0,0
8.618080, 0,0
8.620520, 0,0
8.622960, 0,0
8.625400, 0,0
8.627840, 0,0
8.630280, 0,0
8.632720, 0,0
8.635160, 0,0
8.637600, 0,0
8.640040, 0,0
8.642480, 0,0
8.644920, 0,0
8.647360, 0,0
8.649800, 0,0
8.652240, 0,0
8.654680, 0,0
8.657120, 0,0
8.659560, 0,0
8.662000, 0,0
8.664440, 0,0
8.666880, 0,0
8.669320, 0,0
8.671760, 0,0
8.674200, 0,0
8.676640, 0,0
8.679080, 0,0
8.681520, 0,0
8.683960, 0,0
8.686400, 0,0
8.688840, 0,0
8.691280, 0,0
8.693720, 0,0
8.696160, 0,0
8.698600, 0,0
8.701040, 0,0
8.703480, 0,0
8.705920, 0,0
8.708360, 0,0
8.710800, 0,0
8.713240, 0,0
8.715680, 0,0
8.718120, 0,0
8.720560, 0,0
8.723000, 0,0
8.725440, 0,0
8.727880, 0,0
8.730320, 0,0
8.732760, 0,0
8.735200, 0,0
8.737640, 0,0
8.740080, 0,0
8.742520, 0,0
8.744960, 0,0
8.747400, 0,0
8.749840, 0,0
8.752280, 0,0
8.754720, 0,0
8.757160, 0,0
8.759600, 0,0
8.762040, 0,0
8.764480, 0,0
8.766920, 0,0
8.769360, 0,0
8.771800, 0,0
8.774240, 0,0
8.776680, 0,0
8.779120, 0,0
8.781560, 0,0
8.784000, 0,0
8.786440, 0,0
8.788880, 0,0
8.791320, 0,0
8.793760, 0,0
8.796200, 0,0
8.798640, 0,0
8.801080, 0,0
8.803520, 0,0
8.805960, 0,0
8.808400, 0,0
8.810840, 0,0
8.813280, 0,0
8.815720, 0,0
8.818160, 0,0
8.820600, 0,0
8.823040, 0,0
8.825480, 0,0
8.827920, 0,0
8.830360, 0,0
8.832800, 0,0
8.835240, 0,0
8.837680, 0,0
8.840120, 0,0
8.842560, 0,0
8.845000, 0,0
8.847440, 0,0
8.849880, 0,0
8.852320, 0,0
8.854760, 0,0
8.857200, 0,0
8.859640, 0,0
8.862080, 0,0
8.864520, 0,0
8.866960, 0,0
8.869400, 0,0
8.871840, 0,0
8.874280, 0,0
8.876720, 0,0
8.879160, 0,0
8.881600, 0,0
8.884040, 0,0
8.886480, 0,0
8.888920, 0,0
8.891360, 0,0
8.893800, 0,0
8.896240, 0,0
8.898680, 0,0
8.901120, 0,0
8.903560, 0,0
8.906000, 0,0
8.908440, 0,0
8.910880, 0,0
8.913320, 0,0
8.915760, 0,0
8.918200, 0,0
8.920640, 0,0
8.923080, 0,0
8.925520, 0,0
8.927960, 0,0
8.930400, 0,0
8.932840, 0,0
8.935280, 0,0
8.937720, 0,0
8.940160, 0,0
8.942600, 0,0
8.945040, 0,0
8.947480, 0,0
8.949920, 0,0
8.952360, 0,0
8.954800, 0,0
8.957240, 0,0
8.959680, 0,0
8.962120, 0,0
8.964560, 0,0
8.967000, 0,0
8.969440, 0,0
8.971880, 0,0
8.974320, 0,0
8.976760, 0,0
8.979200, 0,0
8.981640, 0,0
8.984080, 0,0
8.986520, 0,0
8.988960, 0,0
8.991400, 0,0
8.993840, 0,0
8.996280, 0,0
8.998720, 0,0
9.001160, 0,0
9.003600, 0,0
9.006040, 0,0
9.008480, 0,0
9.010920, 0,0
9.013360, 0,0
9.015800, 0,0
9.018240, 0,0
9.020680, 0,0
9.023120, 0,0
9.025560, 0,0
9.028000, 0,0
9.030440, 0,0
9.032880, 0,0
9.035320, 0,0
9.037760, 0,0
9.040200, 0,0
9.042640, 0,0
9.045080, 0,0
9.047520, 0,0
9.049960, 0,0
9.052400, 0,0
9.054840, 0,0
9.057280, 0,0
9.059720, 0,0
9.062160, 0,0
9.064600, 0,0
9.067040, 0,0
9.069480, 0,0
9.071920, 0,0
9.074360, 0,0
9.076800, 0,0
9.079240, 0,0
9.081680, 0,0
9.084120, 0,0
9.086560, 0,0
9.089000, 0,0
9.091440, 0,0
9.093880, 0,0
9.096320, 0,0
9.098760, 0,0
9.101200, 0,0
9.103640, 0,0
9.106080, 0,0
9.108520, 0,0
9.110960, 0,0
9.113400, 0,0
9.115840, 0,0
9.118280, 0,0
9.120720, 0,0
9.123160, 0,0
9.125600, 0,0
9.128040, 0,0
9.130480, 0,0
9.132920, 0,0
9.135360, 0,0
9.137800, 0,0
9.140240, 0,0
9.142680, 0,0
9.145120, 0,0
9.147560, 0,0
9.150000, 0,0
9.152440, 0,0
9.154880, 0,0
9.157320, 0,0
9.159760, 0,0
9.162200, 0,0
9.164640, 0,0
9.167080, 0,0
9.169520, 0,0
9.171960, 0,0
9.174400, 0,0
9.176840, 0,0
9.179280, 0,0
9.181720, 0,0
9.184160, 0,0
9.186600, 0,0
9.189040, 0,0
9.191480, 0,0
9.193920, 0,0
9.196360, 0,0
9.198800, 0,0
9.201240, 0,0
9.203680, 0,0
9.206120, 0,0
9.208560, 0,0
9.211000, 0,0
9.213440, 0,0
9.215880, 0,0
9.218320, 0,0
9.220760, 0,0
9.223200, 0,0
9.225640, 0,0
9.228080, 0,0
9.230520, 0,0
9.232960, 0,0
9.235400, 0,0
9.237840, 0,0
9.240280, 0,0
9.242720, 0,0
9.245160, 0,0
9.247600, 0,0
9.250040, 0,0
9.252480, 0,0
9.254920, 0,0
9.257360, 0,0
9.259800, 0,0
9.262240, 0,0
9.264680, 0,0
9.267120, 0,0
9.269560, 0,0
9.272000, 0,0
9.274440, 0,0
9.276880, 0,0
9.279320, 0,0
9.281760, 0,0
9.284200, 0,0
9.286640, 0,0
9.289080, 0,0
9.291520, 0,0
9.293960, 0,0
9.296400, 0,0
9.298840, 0,0
9.301280, 0,0
9.303720, 0,0
9.306160, 0,0
9.308600, 0,0
9.311040, 0,0
9.313480, 0,0
9.315920, 0,0
9.318360, 0,0
9.320800, 0,0
9.323240, 0,0
9.325680, 0,0
9.328120, 0,0
9.330560, 0,0
9.333000, 0,0
9.335440, 0,0
9.337880, 0,0
9.340320, 0,0
9.342760, 0,0
9.345200, 0,0
9.347640, 0,0
9.350080, 0,0
9.352520, 0,0
9.354960, 0,0
9.357400, 0,0
9.359840, 0,0
9.362280, 0,0
9.364720, 0,0
9.367160, 0,0
9.369600, 0,0
9.372040, 0,0
9.374480, 0,0
9.376920, 0,0
9.379360, 0,0
9.381800, 0,0
9.384240, 0,0
9.386680, 0,0
9.389120, 0,0
9.391560, 0,0
9.394000, 0,0
9.396440, 0,0
9.398880, 0,0
9.401320, 0,0
9.403760, 0,0
9.406200, 0,0
9.408640, 0,0
9.411080, 0,0
9.413520, 0,0
9.415960, 0,0
9.418400, 0,0
9.420840, 0,0
9.423280, 0,0
9.425720, 0,0
9.428160, 0,0
9.430600, 0,0
9.433040, 0,0
9.435480, 0,0
9.437920, 0,0
9.440360, 0,0
9.442800, 0,0
9.445240, 0,0
9.447680, 0,0
9.450120, 0,0
9.452560, 0,0
9.455000, 0,0
9.457440, 0,0
9.459880, 0,0
9.462320, 0,0
9.464760, 0,0
9.467200, 0,0
9.469640, 0,0
9.472080, 0,0
9.474520, 0,0
9.476960, 0,0
9.479400, 0,0
9.481840, 0,0
9.484280, 0,0
9.486720, 0,0
9.489160, 0,0
9.491600, 0,0
9.494040, 0,0
9.496480, 0,0
9.498920, 0,0
9.501360, 0,0
9.503800, 0,0
9.506240, 0,0
9.508680, 0,0
9.511120, 0,0
9.513560, 0,0
9.516000, 0,0
9.518440, 0,0
9.520880, 0,0
9.523320, 0,0
9.525760, 0,0
9.528200, 0,0
9.530640, 0,0
9.533080, 0,0
9.535520, 0,0
9.537960, 0,0
9.540400, 0,0
9.542840, 0,0
9.545280, 0,0
9.547720, 0,0
9.550160, 0,0
9.552600, 0,0
9.555040, 0,0
9.557480, 0,0
9.559920, 0,0
9.562360, 0,0
9.564800, 0,0
9.567240, 0,0
9.569680, 0,0
9.572120, 0,0
9.574560, 0,0
9.577000, 0,0
9.579440, 0,0
9.581880, 0,0
9.584320, 0,0
9.586760, 0,0
9.589200, 0,0
9.591640, 0,0
9.594080, 0,0
9.596520, 0,0
9.598960, 0,0
9.601400, 0,0
9.603840, 0,0
9.606280, 0,0
9.608720, 0,0
9.611160, 0,0
9.613600, 0,0
9.616040, 0,0
9.618480, 0,0
9.620920, 0,0
9.623360, 0,0
9.625800, 0,0
9.628240, 0,0
9.630680, 0,0
9.633120, 0,0
9.635560, 0,0
9.638000, 0,0
9.640440, 0,0
9.642880, 0,0
9.645320, 0,0
9.647760, 0,0
9.650200, 0,0
9.652640, 0,0
9.655080, 0,0
9.657520, 0,0
9.659960, 0,0
9.662400, 0,0
9.664840, 0,0
9.667280, 0,0
9.669720, 0,0
9.672160, 0,0
9.674600, 0,0
9.677040, 0,0
9.679480, 0,0
9.681920, 0,0
9.684360, 0,0
9.686800, 0,0
9.689240, 0,0
9.691680, 0,0
9.694120, 0,0
9.696560, 0,0
9.699000, 0,0
9.701440, 0,0
9.703880, 0,0
9.706320, 0,0
9.708760, 0,0
9.711200, 0,0
9.713640, 0,0
9.716080, 0,0
9.718520, 0,0
9.720960, 0,0
9.723400, 0,0
9.725840, 0,0
9.728280, 0,0
9.730720, 0,0
9.733160, 0,0
9.735600, 0,0
9.738040, 0,0
9.740480, 0,0
9.742920, 0,0
9.745360, 0,0
9.747800, 0,0
9.750240, 0,0
9.752680, 0,0
9.755120, 0,0
9.757560, 0,0
9.760000, 0,0
9.762440, 0,0
9.764880, 0,0
9.767320, 0,0
9.769760, 0,0
9.772200, 0,0
9.774640, 0,0
9.777080, 0,0
9.779520, 0,0
9.781960, 0,0
9.784400, 0,0
9.786840, 0,0
9.789280, 0,0
9.791720, 0,0
9.794160, 0,0
9.796600, 0,0
9.799040, 0,0
9.801480, 0,0
9.803920, 0,0
9.806360, 0,0
9.808800, 0,0
9.811240, 0,0
9.813680, 0,0
9.816120, 0,0
9.818560, 0,0
9.821000, 0,0
9.823440, 0,0
9.825880, 0,0
9.828320, 0,0
9.830760, 0,0
9.833200, 0,0
9.835640, 0,0
9.838080, 0,0
9.840520, 0,0
9.842960, 0,0
9.845400, 0,0
9.847840, 0,0
9.850280, 0,0
9.852720, 0,0
9.855160, 0,0
9.857600, 0,0
9.860040, 0,0
9.862480, 0,0
9.864920, 0,0
9.867360, 0,0
9.869800, 0,0
9.872240, 0,0
9.874680, 0,0
9.877120, 0,0
9.879560, 0,0
9.882000, 0,0
9.884440, 0,0
9.886880, 0,0
9.889320, 0,0
9.891760, 0,0
9.894200, 0,0
9.896640, 0,0
9.899080, 0,0
9.901520, 0,0
9.903960, 0,0
9.906400, 0,0
9.908840, 0,0
9.911280, 0,0
9.913720, 0,0
9.916160, 0,0
9.918600, 0,0
9.921040, 0,0
9.923480, 0,0
9.925920, 0,0
9.928360, 0,0
9.930800, 0,0
9.933240, 0,0
9.935680, 0,0
9.938120, 0,0
9.940560, 0,0
9.943000, 0,0
9.945440, 0,0
9.947880, 0,0
9.950320, 0,0
9.952760, 0,0
9.955200, 0,0
9.957640, 0,0
9.960080, 0,0
9.962520, 0,0
9.964960, 0,0
9.967400, 0,0
9.969840, 0,0
9.972280, 0,0
9.974720, 0,0
9.977160, 0,0
9.979600, 0,0
9.982040, 0,0
9.984480, 0,0
9.986920, 0,0
9.989360, 0,0
9.991800, 0,0
9.994240, 0,0
