Packet, Sample offset, Latency (ms), [packet_received_bit][packet_created_bit][button_press_mirror_bit]
1, 0, 0.0, 1111 1110 1111 1110 
1, 1, 0.001, 1000 0001 1000 0001 
1, 20, 0.02, 1000 0001 0000 0001 
1, 151, 0.151, 1111 1110 0111 1110 
1, 529, 0.529, 0111 1110 1111 1110 
1, 912, 0.912, 1111 1110 0111 1110 
1, 1766, 1.766, 1111 1110 1111 1110 
1, 2034, 2.034, 1111 1110 0111 1110 
1, 2934, 2.934, 0111 1110 1111 1110 
1, 3196, 3.196, 0000 0000 0000 0000 
2, 0, 0.0, 0111 1110 0111 1110 
2, 1, 0.001, 0000 0001 0000 0001 
2, 20, 0.02, 0000 0001 1000 0001 
2, 97, 0.097, 0111 1110 1111 1110 
2, 395, 0.395, 1111 1110 0111 1110 
2, 748, 0.748, 0111 1110 1111 1110 
2, 1524, 1.524, 1111 1110 0111 1110 
2, 1871, 1.871, 0111 1110 1111 1110 
2, 2679, 2.679, 1111 1110 0111 1110 
2, 2924, 2.924, 0111 1110 1111 1110 
2, 3634, 3.634, 0111 1110 0111 1110 
2, 4077, 4.077, 0111 1110 1111 1110 
2, 103970, 103.97, 0000 0000 0000 0000 
3, 0, 0.0, 1111 1110 1111 1110 
3, 1, 0.001, 1000 0001 1000 0001 
3, 20, 0.02, 1000 0001 0000 0001 
3, 214, 0.214, 1111 1110 0111 1110 
3, 695, 0.695, 0111 1110 1111 1110 
3, 1043, 1.043, 1111 1110 0111 1110 
3, 1935, 1.935, 1111 1110 1111 1110 
3, 2163, 2.163, 0111 1110 1111 1110 
3, 2271, 2.271, 1111 1110 0111 1110 
3, 3197, 3.197, 0111 1110 1111 1110 
3, 3477, 3.477, 1111 1110 0111 1110 
3, 4251, 4.251, 1000 0001 0000 0001 
3, 4310, 4.31, 1111 1110 0111 1110 
3, 33359, 33.359, 0000 0000 0000 0000 
3, 37455, 37.455, 1111 1110 0111 1110 
3, 71209, 71.209, 0000 0000 0000 0000 
3, 79401, 79.401, 1111 1110 0111 1110 
3, 186316, 186.316, 0111 1110 0111 1110 
3, 186482, 186.482, 1111 1110 0111 1110 
3, 186720, 186.72, 0000 0000 0000 0000 
4, 0, 0.0, 0111 1110 0111 1110 
4, 1, 0.001, 0000 0001 0000 0001 
4, 20, 0.02, 0000 0001 1000 0001 
4, 210, 0.21, 0111 1110 1111 1110 
4, 661, 0.661, 1111 1110 0111 1110 
4, 1089, 1.089, 0111 1110 1111 1110 
4, 1956, 1.956, 0111 1110 0111 1110 
4, 2260, 2.26, 0111 1110 1111 1110 
4, 3231, 3.231, 1111 1110 0111 1110 
4, 3480, 3.48, 0111 1110 1111 1110 
4, 38417, 38.417, 0000 0000 0000 0000 
4, 42513, 42.513, 0111 1110 1111 1110 
4, 50583, 50.583, 1111 1110 1111 1110 
4, 50707, 50.707, 0111 1110 1111 1110 
4, 51113, 51.113, 0000 0000 0000 0000 
5, 0, 0.0, 1111 1110 1111 1110 
5, 1, 0.001, 1000 0001 1000 0001 
5, 20, 0.02, 1000 0001 0000 0001 
5, 160, 0.16, 1111 1110 0111 1110 
5, 542, 0.542, 0111 1110 1111 1110 
5, 913, 0.913, 1111 1110 0111 1110 
5, 1759, 1.759, 1111 1110 1111 1110 
5, 2042, 2.042, 1111 1110 0111 1110 
5, 3005, 3.005, 0111 1110 1111 1110 
5, 3246, 3.246, 1111 1110 0111 1110 
5, 4051, 4.051, 1111 1110 1111 1110 
5, 4061, 4.061, 1111 1110 0111 1110 
5, 4077, 4.077, 1111 1110 1111 1110 
5, 4097, 4.097, 1000 0001 1000 0001 
5, 4116, 4.116, 1000 0001 0000 0001 
5, 4256, 4.256, 1111 1110 0111 1110 
5, 29678, 29.678, 0000 0000 0000 0000 
5, 33774, 33.774, 1111 1110 0111 1110 
5, 196516, 196.516, 0111 1110 0111 1110 
5, 197744, 197.744, 1111 1110 0111 1110 
5, 198371, 198.371, 0000 0000 0000 0000 
6, 0, 0.0, 0111 1110 0111 1110 
6, 1, 0.001, 0000 0001 0000 0001 
6, 20, 0.02, 0000 0001 1000 0001 
6, 152, 0.152, 0111 1110 1111 1110 
6, 551, 0.551, 0111 1110 0111 1110 
6, 921, 0.921, 0111 1110 1111 1110 
6, 1763, 1.763, 0111 1110 0111 1110 
6, 2064, 2.064, 0111 1110 1111 1110 
6, 3049, 3.049, 1111 1110 0111 1110 
6, 3403, 3.403, 0111 1110 1111 1110 
6, 9039, 9.039, 0000 0000 0000 0000 
6, 13135, 13.135, 0111 1110 1111 1110 
6, 30036, 30.036, 0000 0000 0000 0000 
6, 34132, 34.132, 0111 1110 1111 1110 
6, 42023, 42.023, 0000 0000 0000 0000 
7, 0, 0.0, 1111 1110 1111 1110 
7, 1, 0.001, 1000 0001 1000 0001 
7, 20, 0.02, 1000 0001 0000 0001 
7, 155, 0.155, 1111 1110 0111 1110 
7, 545, 0.545, 0111 1110 1111 1110 
7, 874, 0.874, 1111 1110 0111 1110 
7, 1722, 1.722, 0111 1110 1111 1110 
7, 1820, 1.82, 1111 1110 1111 1110 
7, 2022, 2.022, 1111 1110 0111 1110 
7, 2972, 2.972, 0111 1110 1111 1110 
7, 3237, 3.237, 1111 1110 0111 1110 
7, 3962, 3.962, 1111 1110 1111 1110 
7, 4097, 4.097, 1000 0001 1000 0001 
7, 4116, 4.116, 1000 0001 0000 0001 
7, 4251, 4.251, 1111 1110 0111 1110 
7, 5579, 5.579, 0000 0000 0000 0000 
7, 9675, 9.675, 1111 1110 0111 1110 
7, 13678, 13.678, 0000 0000 0000 0000 
7, 25966, 25.966, 1111 1110 0111 1110 
7, 40263, 40.263, 0000 0000 0000 0000 
7, 44359, 44.359, 1111 1110 0111 1110 
7, 46155, 46.155, 0000 0000 0000 0000 
7, 54347, 54.347, 1111 1110 0111 1110 
7, 57206, 57.206, 0000 0000 0000 0000 
7, 65398, 65.398, 1111 1110 0111 1110 
7, 68744, 68.744, 0000 0000 0000 0000 
7, 85128, 85.128, 1111 1110 0111 1110 
7, 85174, 85.174, 0000 0000 0000 0000 
7, 97462, 97.462, 1111 1110 0111 1110 
7, 97543, 97.543, 0000 0000 0000 0000 
8, 0, 0.0, 0111 1110 1111 1110 
8, 4096, 4.096, 0000 0000 0000 0000 
8, 25659, 25.659, 0111 1110 1111 1110 
8, 25923, 25.923, 0000 0000 0000 0000 
8, 30019, 30.019, 0111 1110 1111 1110 
8, 31797, 31.797, 0000 0000 0000 0000 
8, 35893, 35.893, 0111 1110 1111 1110 
8, 39216, 39.216, 0000 0000 0000 0000 
8, 51504, 51.504, 0111 1110 1111 1110 
8, 53028, 53.028, 0000 0000 0000 0000 
8, 61220, 61.22, 0111 1110 1111 1110 
8, 66871, 66.871, 0000 0000 0000 0000 
8, 75063, 75.063, 0111 1110 1111 1110 
8, 255371, 255.371, 0000 0000 0000 0000 
9, 0, 0.0, 1111 1110 0111 1110 
9, 826, 0.826, 1000 0001 0000 0001 
9, 1335, 1.335, 1111 1110 0111 1110 
9, 4096, 4.096, 0000 0000 0000 0000 
10, 0, 0.0, 0111 1110 0111 1110 
10, 1, 0.001, 0000 0001 0000 0001 
10, 20, 0.02, 0000 0001 1000 0001 
10, 114, 0.114, 0111 1110 1111 1110 
10, 2836, 2.836, 0111 1110 0111 1110 
10, 4096, 4.096, 0000 0000 0000 0000 
10, 4423, 4.423, 0111 1110 1111 1110 
10, 11298, 11.298, 0000 0000 0000 0000 
10, 27682, 27.682, 0111 1110 1111 1110 
10, 27869, 27.869, 0000 0000 0000 0000 
10, 31965, 31.965, 0111 1110 1111 1110 
10, 46822, 46.822, 0000 0000 0000 0000 
10, 50918, 50.918, 0111 1110 1111 1110 
10, 54684, 54.684, 0000 0000 0000 0000 
10, 79260, 79.26, 0111 1110 1111 1110 
10, 79783, 79.783, 0000 0000 0000 0000 
10, 87975, 87.975, 0111 1110 1111 1110 
10, 90922, 90.922, 0000 0000 0000 0000 
11, 0, 0.0, 1000 0001 1000 0001 
11, 19, 0.019, 1000 0001 0000 0001 
11, 443, 0.443, 1111 1110 0111 1110 
11, 1860, 1.86, 1111 1110 1111 1110 
11, 2198, 2.198, 0111 1110 1111 1110 
11, 2291, 2.291, 0000 0000 0000 0000 
11, 6387, 6.387, 1111 1110 0111 1110 
11, 8500, 8.5, 1000 0001 0000 0001 
11, 8635, 8.635, 1111 1110 0111 1110 
11, 14261, 14.261, 0000 0000 0000 0000 
11, 18357, 18.357, 1111 1110 0111 1110 
11, 21809, 21.809, 0000 0000 0000 0000 
11, 38193, 38.193, 1111 1110 0111 1110 
11, 39165, 39.165, 0000 0000 0000 0000 
11, 43261, 43.261, 1111 1110 0111 1110 
11, 46145, 46.145, 0000 0000 0000 0000 
11, 50241, 50.241, 1111 1110 0111 1110 
11, 53478, 53.478, 0000 0000 0000 0000 
11, 57574, 57.574, 1111 1110 0111 1110 
11, 58964, 58.964, 0000 0000 0000 0000 
11, 63060, 63.06, 1111 1110 0111 1110 
11, 63237, 63.237, 0000 0000 0000 0000 
11, 67333, 67.333, 1111 1110 0111 1110 
11, 68016, 68.016, 0000 0000 0000 0000 
12, 0, 0.0, 0000 0001 0000 0001 
12, 154, 0.154, 0111 1110 0111 1110 
12, 361, 0.361, 0111 1110 1111 1110 
12, 650, 0.65, 0111 1110 0111 1110 
12, 1005, 1.005, 0111 1110 1111 1110 
12, 2019, 2.019, 0111 1110 0111 1110 
12, 2299, 2.299, 0111 1110 1111 1110 
12, 3352, 3.352, 0111 1110 0111 1110 
12, 3644, 3.644, 0111 1110 1111 1110 
12, 4430, 4.43, 0111 1110 0111 1110 
12, 4457, 4.457, 0111 1110 1111 1110 
12, 17107, 17.107, 0000 0000 0000 0000 
12, 37587, 37.587, 0111 1110 1111 1110 
12, 44601, 44.601, 0000 0000 0000 0000 
12, 48697, 48.697, 0111 1110 1111 1110 
12, 52361, 52.361, 0000 0000 0000 0000 
12, 56457, 56.457, 0111 1110 1111 1110 
12, 59539, 59.539, 0000 0000 0000 0000 
12, 71827, 71.827, 0111 1110 1111 1110 
12, 74513, 74.513, 0000 0000 0000 0000 
13, 0, 0.0, 1111 1110 1111 1110 
13, 1, 0.001, 1000 0001 1000 0001 
13, 20, 0.02, 1000 0001 0000 0001 
13, 262, 0.262, 1111 1110 0111 1110 
13, 791, 0.791, 1111 1110 1111 1110 
13, 1073, 1.073, 0000 0000 0000 0000 
13, 9265, 9.265, 1111 1110 0111 1110 
13, 11020, 11.02, 0000 0000 0000 0000 
13, 15116, 15.116, 1111 1110 0111 1110 
13, 18810, 18.81, 0000 0000 0000 0000 
13, 31098, 31.098, 1111 1110 0111 1110 
13, 33407, 33.407, 0000 0000 0000 0000 
13, 41599, 41.599, 1111 1110 0111 1110 
13, 45466, 45.466, 0000 0000 0000 0000 
13, 53658, 53.658, 1111 1110 0111 1110 
13, 54674, 54.674, 0111 1110 0111 1110 
13, 55759, 55.759, 1111 1110 0111 1110 
13, 56334, 56.334, 0000 0000 0000 0000 
14, 0, 0.0, 0111 1110 0111 1110 
14, 1, 0.001, 0000 0001 0000 0001 
14, 20, 0.02, 0000 0001 1000 0001 
14, 151, 0.151, 0111 1110 1111 1110 
14, 585, 0.585, 0111 1110 0111 1110 
14, 1040, 1.04, 0111 1110 1111 1110 
14, 2007, 2.007, 1111 1110 0111 1110 
14, 2288, 2.288, 0111 1110 1111 1110 
14, 3255, 3.255, 0111 1110 0111 1110 
14, 3538, 3.538, 0111 1110 1111 1110 
14, 30461, 30.461, 0000 0000 0000 0000 
14, 34557, 34.557, 0111 1110 1111 1110 
14, 88008, 88.008, 0000 0000 0000 0000 
15, 0, 0.0, 1111 1110 1111 1110 
15, 1, 0.001, 1000 0001 1000 0001 
15, 20, 0.02, 1000 0001 0000 0001 
15, 177, 0.177, 1111 1110 0111 1110 
15, 580, 0.58, 0111 1110 1111 1110 
15, 925, 0.925, 1111 1110 0111 1110 
15, 1794, 1.794, 0111 1110 1111 1110 
15, 2068, 2.068, 1111 1110 1111 1110 
15, 2147, 2.147, 1111 1110 0111 1110 
15, 3138, 3.138, 0111 1110 1111 1110 
15, 3359, 3.359, 1111 1110 1111 1110 
15, 3430, 3.43, 1111 1110 0111 1110 
15, 4175, 4.175, 1000 0001 0000 0001 
15, 4273, 4.273, 1111 1110 0111 1110 
15, 29426, 29.426, 0000 0000 0000 0000 
15, 33522, 33.522, 1111 1110 0111 1110 
15, 39980, 39.98, 0000 0000 0000 0000 
15, 44076, 44.076, 1111 1110 0111 1110 
15, 407971, 407.971, 0000 0000 0000 0000 
16, 0, 0.0, 1111 1110 0111 1110 
16, 1, 0.001, 1000 0001 0000 0001 
16, 20, 0.02, 1000 0001 1000 0001 
16, 182, 0.182, 1111 1110 1111 1110 
16, 825, 0.825, 1111 1110 0111 1110 
16, 1214, 1.214, 1111 1110 1111 1110 
16, 2267, 2.267, 0111 1110 0111 1110 
16, 2527, 2.527, 1111 1110 1111 1110 
16, 3239, 3.239, 1111 1110 0111 1110 
16, 3693, 3.693, 1111 1110 1111 1110 
16, 28815, 28.815, 0000 0000 0000 0000 
16, 32911, 32.911, 1111 1110 1111 1110 
16, 95152, 95.152, 0000 0000 0000 0000 
17, 0, 0.0, 0111 1110 1111 1110 
17, 1, 0.001, 0000 0001 1000 0001 
17, 20, 0.02, 0000 0001 0000 0001 
17, 126, 0.126, 0111 1110 0111 1110 
17, 581, 0.581, 1111 1110 1111 1110 
17, 927, 0.927, 0111 1110 0111 1110 
17, 1766, 1.766, 0111 1110 1111 1110 
17, 1965, 1.965, 1111 1110 1111 1110 
17, 2036, 2.036, 0111 1110 0111 1110 
17, 2943, 2.943, 1111 1110 1111 1110 
17, 3240, 3.24, 0111 1110 0111 1110 
17, 4069, 4.069, 0111 1110 1111 1110 
17, 4097, 4.097, 0000 0001 1000 0001 
17, 4116, 4.116, 0000 0001 0000 0001 
17, 4222, 4.222, 0111 1110 0111 1110 
17, 30694, 30.694, 0000 0000 0000 0000 
17, 34790, 34.79, 0111 1110 0111 1110 
17, 76291, 76.291, 0000 0000 0000 0000 
18, 0, 0.0, 1111 1110 0111 1110 
18, 1, 0.001, 1000 0001 0000 0001 
18, 20, 0.02, 1000 0001 1000 0001 
18, 220, 0.22, 1111 1110 1111 1110 
18, 652, 0.652, 0111 1110 0111 1110 
18, 832, 0.832, 1111 1110 0111 1110 
18, 1001, 1.001, 1111 1110 1111 1110 
18, 1892, 1.892, 1111 1110 0111 1110 
18, 2197, 2.197, 1111 1110 1111 1110 
18, 3165, 3.165, 0111 1110 0111 1110 
18, 3412, 3.412, 1111 1110 1111 1110 
18, 4277, 4.277, 1000 0001 1000 0001 
18, 4316, 4.316, 1111 1110 1111 1110 
18, 18286, 18.286, 0000 0000 0000 0000 
18, 22382, 22.382, 1111 1110 1111 1110 
18, 29908, 29.908, 0000 0000 0000 0000 
18, 34004, 34.004, 1111 1110 1111 1110 
18, 78829, 78.829, 0111 1110 1111 1110 
18, 78840, 78.84, 1111 1110 1111 1110 
18, 79187, 79.187, 0000 0000 0000 0000 
19, 0, 0.0, 0000 0001 1000 0001 
19, 19, 0.019, 0000 0001 0000 0001 
19, 130, 0.13, 0111 1110 0111 1110 
19, 512, 0.512, 1111 1110 1111 1110 
19, 870, 0.87, 0111 1110 0111 1110 
19, 1765, 1.765, 0111 1110 1111 1110 
19, 2062, 2.062, 0111 1110 0111 1110 
19, 3027, 3.027, 1111 1110 1111 1110 
19, 3274, 3.274, 0111 1110 0111 1110 
19, 4115, 4.115, 0000 0001 0000 0001 
19, 4226, 4.226, 0111 1110 0111 1110 
19, 30371, 30.371, 0000 0000 0000 0000 
19, 34467, 34.467, 0111 1110 0111 1110 
19, 75898, 75.898, 0000 0000 0000 0000 
20, 0, 0.0, 1111 1110 0111 1110 
20, 1, 0.001, 1000 0001 0000 0001 
20, 20, 0.02, 1000 0001 1000 0001 
20, 161, 0.161, 1111 1110 1111 1110 
20, 527, 0.527, 0111 1110 0111 1110 
20, 899, 0.899, 1111 1110 1111 1110 
20, 1879, 1.879, 0111 1110 0111 1110 
20, 2146, 2.146, 1111 1110 1111 1110 
20, 3103, 3.103, 0111 1110 0111 1110 
20, 3375, 3.375, 1111 1110 1111 1110 
20, 4098, 4.098, 1000 0001 0000 0001 
20, 4106, 4.106, 1111 1110 1111 1110 
20, 4112, 4.112, 1000 0001 0000 0001 
20, 4116, 4.116, 1000 0001 1000 0001 
20, 4257, 4.257, 1111 1110 1111 1110 
20, 31047, 31.047, 0000 0000 0000 0000 
20, 35143, 35.143, 1111 1110 1111 1110 
20, 81116, 81.116, 0000 0000 0000 0000 
21, 0, 0.0, 0111 1110 1111 1110 
21, 1, 0.001, 0000 0001 1000 0001 
21, 20, 0.02, 0000 0001 0000 0001 
21, 153, 0.153, 0111 1110 0111 1110 
21, 530, 0.53, 1111 1110 1111 1110 
21, 856, 0.856, 0111 1110 0111 1110 
21, 1669, 1.669, 1111 1110 1111 1110 
21, 2006, 2.006, 0111 1110 0111 1110 
21, 3053, 3.053, 1111 1110 1111 1110 
21, 3125, 3.125, 0111 1110 1111 1110 
21, 3285, 3.285, 0111 1110 0111 1110 
21, 3993, 3.993, 0111 1110 1111 1110 
21, 4097, 4.097, 0000 0001 1000 0001 
21, 4116, 4.116, 0000 0001 0000 0001 
21, 4249, 4.249, 0111 1110 0111 1110 
21, 31000, 31.0, 0000 0000 0000 0000 
21, 35096, 35.096, 0111 1110 0111 1110 
21, 35402, 35.402, 0000 0000 0000 0000 
21, 39498, 39.498, 0111 1110 0111 1110 
21, 76421, 76.421, 0000 0000 0000 0000 
21, 80517, 80.517, 0111 1110 0111 1110 
21, 82359, 82.359, 0000 0000 0000 0000 
22, 0, 0.0, 1111 1110 0111 1110 
22, 1, 0.001, 1000 0001 0000 0001 
22, 20, 0.02, 1000 0001 1000 0001 
22, 157, 0.157, 1111 1110 1111 1110 
22, 540, 0.54, 0111 1110 0111 1110 
22, 816, 0.816, 1111 1110 0111 1110 
22, 972, 0.972, 1111 1110 1111 1110 
22, 1830, 1.83, 0111 1110 0111 1110 
22, 2171, 2.171, 1111 1110 1111 1110 
22, 3254, 3.254, 0111 1110 0111 1110 
22, 3518, 3.518, 1111 1110 1111 1110 
22, 78710, 78.71, 0000 0000 0000 0000 
23, 0, 0.0, 0111 1110 1111 1110 
23, 1, 0.001, 0000 0001 1000 0001 
23, 20, 0.02, 0000 0001 0000 0001 
23, 134, 0.134, 0111 1110 0111 1110 
23, 452, 0.452, 1111 1110 1111 1110 
23, 879, 0.879, 0111 1110 0111 1110 
23, 1654, 1.654, 1111 1110 1111 1110 
23, 1990, 1.99, 0111 1110 0111 1110 
23, 2859, 2.859, 1111 1110 1111 1110 
23, 3089, 3.089, 0111 1110 0111 1110 
23, 3788, 3.788, 0111 1110 1111 1110 
23, 4097, 4.097, 0000 0001 1000 0001 
23, 4116, 4.116, 0000 0001 0000 0001 
23, 4230, 4.23, 0111 1110 0111 1110 
23, 30710, 30.71, 0000 0000 0000 0000 
23, 34806, 34.806, 0111 1110 0111 1110 
23, 36634, 36.634, 0000 0000 0000 0000 
23, 40730, 40.73, 0111 1110 0111 1110 
23, 302367, 302.367, 1111 1110 0111 1110 
23, 302545, 302.545, 0111 1110 0111 1110 
23, 302998, 302.998, 0000 0000 0000 0000 
24, 0, 0.0, 1111 1110 0111 1110 
24, 1, 0.001, 1000 0001 0000 0001 
24, 36, 0.036, 1000 0001 1000 0001 
24, 160, 0.16, 1111 1110 1111 1110 
24, 535, 0.535, 0111 1110 0111 1110 
24, 896, 0.896, 1111 1110 1111 1110 
24, 1775, 1.775, 0111 1110 0111 1110 
24, 2050, 2.05, 1111 1110 1111 1110 
24, 3060, 3.06, 0111 1110 0111 1110 
24, 3278, 3.278, 1111 1110 0111 1110 
24, 3301, 3.301, 1111 1110 1111 1110 
24, 14929, 14.929, 0000 0000 0000 0000 
25, 0, 0.0, 0111 1110 1111 1110 
25, 1, 0.001, 0000 0001 1000 0001 
25, 19, 0.019, 0000 0001 0000 0001 
25, 152, 0.152, 0111 1110 0111 1110 
25, 596, 0.596, 1111 1110 1111 1110 
25, 966, 0.966, 0111 1110 0111 1110 
25, 1811, 1.811, 1111 1110 1111 1110 
25, 2143, 2.143, 0111 1110 0111 1110 
25, 3084, 3.084, 0111 1110 1111 1110 
25, 3335, 3.335, 0111 1110 0111 1110 
25, 4081, 4.081, 0111 1110 1111 1110 
25, 4097, 4.097, 0000 0001 1000 0001 
25, 4115, 4.115, 0000 0001 0000 0001 
25, 4248, 4.248, 0111 1110 0111 1110 
25, 101074, 101.074, 1111 1110 0111 1110 
25, 101508, 101.508, 0111 1110 0111 1110 
25, 101870, 101.87, 0000 0000 0000 0000 
26, 0, 0.0, 1111 1110 0111 1110 
26, 1, 0.001, 1000 0001 0000 0001 
26, 20, 0.02, 1000 0001 1000 0001 
26, 155, 0.155, 1111 1110 1111 1110 
26, 695, 0.695, 0111 1110 0111 1110 
26, 1022, 1.022, 1111 1110 1111 1110 
26, 1900, 1.9, 0111 1110 0111 1110 
26, 2191, 2.191, 1111 1110 1111 1110 
26, 3128, 3.128, 1111 1110 0111 1110 
26, 3368, 3.368, 1111 1110 1111 1110 
26, 4232, 4.232, 1000 0001 1000 0001 
26, 4251, 4.251, 1111 1110 1111 1110 
26, 30765, 30.765, 0000 0000 0000 0000 
26, 34861, 34.861, 1111 1110 1111 1110 
26, 39717, 39.717, 0000 0000 0000 0000 
26, 43813, 43.813, 1111 1110 1111 1110 
26, 74708, 74.708, 0111 1110 1111 1110 
26, 74991, 74.991, 1111 1110 1111 1110 
26, 75321, 75.321, 0000 0000 0000 0000 
27, 0, 0.0, 0111 1110 1111 1110 
27, 1, 0.001, 0000 0001 1000 0001 
27, 20, 0.02, 0000 0001 0000 0001 
27, 161, 0.161, 0111 1110 0111 1110 
27, 591, 0.591, 1111 1110 1111 1110 
27, 929, 0.929, 0111 1110 0111 1110 
27, 1853, 1.853, 0111 1110 1111 1110 
27, 2118, 2.118, 0111 1110 0111 1110 
27, 3088, 3.088, 1111 1110 1111 1110 
27, 3306, 3.306, 0111 1110 0111 1110 
27, 4133, 4.133, 0000 0001 0000 0001 
27, 4257, 4.257, 0111 1110 0111 1110 
27, 81431, 81.431, 0000 0000 0000 0000 
28, 0, 0.0, 1111 1110 0111 1110 
28, 1, 0.001, 1000 0001 0000 0001 
28, 20, 0.02, 1000 0001 1000 0001 
28, 125, 0.125, 1111 1110 1111 1110 
28, 580, 0.58, 0111 1110 0111 1110 
28, 948, 0.948, 1111 1110 1111 1110 
28, 1911, 1.911, 0111 1110 0111 1110 
28, 2198, 2.198, 1111 1110 1111 1110 
28, 3126, 3.126, 0111 1110 0111 1110 
28, 3355, 3.355, 1111 1110 1111 1110 
28, 4123, 4.123, 1000 0001 1000 0001 
28, 4221, 4.221, 1111 1110 1111 1110 
28, 82059, 82.059, 0111 1110 1111 1110 
28, 82656, 82.656, 1111 1110 1111 1110 
28, 83044, 83.044, 0000 0000 0000 0000 
29, 0, 0.0, 0111 1110 1111 1110 
29, 1, 0.001, 0000 0001 1000 0001 
29, 19, 0.019, 0000 0001 0000 0001 
29, 195, 0.195, 0111 1110 0111 1110 
29, 774, 0.774, 0111 1110 1111 1110 
29, 1200, 1.2, 0111 1110 0111 1110 
29, 2087, 2.087, 1111 1110 1111 1110 
29, 2374, 2.374, 0111 1110 0111 1110 
29, 3362, 3.362, 0111 1110 1111 1110 
29, 3645, 3.645, 0111 1110 0111 1110 
29, 30196, 30.196, 0000 0000 0000 0000 
29, 34292, 34.292, 0111 1110 0111 1110 
29, 47329, 47.329, 0000 0000 0000 0000 
29, 51425, 51.425, 0111 1110 0111 1110 
29, 298754, 298.754, 0000 0000 0000 0000 
30, 0, 0.0, 1111 1110 0111 1110 
30, 1, 0.001, 1000 0001 0000 0001 
30, 20, 0.02, 1000 0001 1000 0001 
30, 152, 0.152, 1111 1110 1111 1110 
30, 596, 0.596, 0111 1110 0111 1110 
30, 971, 0.971, 1111 1110 1111 1110 
30, 1899, 1.899, 0111 1110 0111 1110 
30, 2303, 2.303, 1111 1110 1111 1110 
30, 3256, 3.256, 0111 1110 0111 1110 
30, 3470, 3.47, 1111 1110 1111 1110 
30, 16308, 16.308, 0000 0000 0000 0000 
31, 0, 0.0, 0111 1110 1111 1110 
31, 1, 0.001, 0000 0001 1000 0001 
31, 20, 0.02, 0000 0001 0000 0001 
31, 161, 0.161, 0111 1110 0111 1110 
31, 542, 0.542, 1111 1110 1111 1110 
31, 890, 0.89, 0111 1110 0111 1110 
31, 1781, 1.781, 1111 1110 1111 1110 
31, 2054, 2.054, 0111 1110 0111 1110 
31, 2994, 2.994, 1111 1110 1111 1110 
31, 3240, 3.24, 0111 1110 0111 1110 
31, 4177, 4.177, 0000 0001 0000 0001 
31, 4257, 4.257, 0111 1110 0111 1110 
31, 5715, 5.715, 0000 0000 0000 0000 
31, 9811, 9.811, 0111 1110 0111 1110 
31, 12346, 12.346, 0000 0000 0000 0000 
31, 16442, 16.442, 0111 1110 0111 1110 
31, 67902, 67.902, 0000 0000 0000 0000 
31, 71998, 71.998, 0111 1110 0111 1110 
31, 101356, 101.356, 0000 0000 0000 0000 
32, 0, 0.0, 1111 1110 0111 1110 
32, 1, 0.001, 1000 0001 0000 0001 
32, 20, 0.02, 1000 0001 1000 0001 
32, 171, 0.171, 1111 1110 1111 1110 
32, 676, 0.676, 0111 1110 0111 1110 
32, 1054, 1.054, 1111 1110 1111 1110 
32, 1938, 1.938, 1111 1110 0111 1110 
32, 1939, 1.939, 0111 1110 0111 1110 
32, 2241, 2.241, 1111 1110 1111 1110 
32, 3223, 3.223, 0111 1110 0111 1110 
32, 3249, 3.249, 1111 1110 0111 1110 
32, 3486, 3.486, 1111 1110 1111 1110 
32, 30195, 30.195, 0000 0000 0000 0000 
32, 34291, 34.291, 1111 1110 1111 1110 
32, 516496, 516.496, 0000 0000 0000 0000 
33, 0, 0.0, 1111 1110 1111 1110 
33, 1, 0.001, 1000 0001 1000 0001 
33, 20, 0.02, 1000 0001 0000 0001 
33, 169, 0.169, 1111 1110 0111 1110 
33, 577, 0.577, 0111 1110 1111 1110 
33, 962, 0.962, 1111 1110 0111 1110 
33, 1708, 1.708, 1111 1110 1111 1110 
33, 2005, 2.005, 1111 1110 0111 1110 
33, 2887, 2.887, 1111 1110 1111 1110 
33, 3099, 3.099, 1111 1110 0111 1110 
33, 3726, 3.726, 1111 1110 1111 1110 
33, 4097, 4.097, 1000 0001 1000 0001 
33, 4112, 4.112, 1111 1110 0111 1110 
33, 30803, 30.803, 0000 0000 0000 0000 
33, 34899, 34.899, 1111 1110 0111 1110 
33, 62370, 62.37, 0111 1110 0111 1110 
33, 62775, 62.775, 1111 1110 0111 1110 
33, 63112, 63.112, 0000 0000 0000 0000 
34, 0, 0.0, 0111 1110 0111 1110 
34, 1, 0.001, 0000 0001 0000 0001 
34, 20, 0.02, 0000 0001 1000 0001 
34, 157, 0.157, 0111 1110 1111 1110 
34, 1861, 1.861, 0111 1110 0111 1110 
34, 2115, 2.115, 1111 1110 0111 1110 
34, 2269, 2.269, 0111 1110 1111 1110 
34, 3179, 3.179, 1111 1110 0111 1110 
34, 3507, 3.507, 0111 1110 0111 1110 
34, 3512, 3.512, 0111 1110 1111 1110 
34, 4207, 4.207, 0000 0001 1000 0001 
34, 4253, 4.253, 0111 1110 1111 1110 
34, 29812, 29.812, 0000 0000 0000 0000 
34, 38004, 38.004, 0111 1110 1111 1110 
34, 40281, 40.281, 0000 0000 0000 0000 
34, 44377, 44.377, 0111 1110 1111 1110 
34, 49510, 49.51, 0000 0000 0000 0000 
34, 57702, 57.702, 0111 1110 1111 1110 
34, 84482, 84.482, 0000 0000 0000 0000 
35, 0, 0.0, 1111 1110 1111 1110 
35, 1, 0.001, 1000 0001 1000 0001 
35, 20, 0.02, 1000 0001 0000 0001 
35, 160, 0.16, 1111 1110 0111 1110 
35, 523, 0.523, 0111 1110 1111 1110 
35, 860, 0.86, 1111 1110 0111 1110 
35, 1690, 1.69, 0111 1110 1111 1110 
35, 1975, 1.975, 1111 1110 0111 1110 
35, 2809, 2.809, 1111 1110 1111 1110 
35, 3053, 3.053, 1111 1110 0111 1110 
35, 3820, 3.82, 1111 1110 1111 1110 
35, 4097, 4.097, 1000 0001 1000 0001 
35, 4116, 4.116, 1000 0001 0000 0001 
35, 4221, 4.221, 1111 1110 0111 1110 
35, 30822, 30.822, 0000 0000 0000 0000 
35, 34918, 34.918, 1111 1110 0111 1110 
35, 81051, 81.051, 0000 0000 0000 0000 
36, 0, 0.0, 0111 1110 0111 1110 
36, 1, 0.001, 0000 0001 0000 0001 
36, 20, 0.02, 0000 0001 1000 0001 
36, 172, 0.172, 0111 1110 1111 1110 
36, 553, 0.553, 1111 1110 0111 1110 
36, 894, 0.894, 0111 1110 1111 1110 
36, 1839, 1.839, 1111 1110 0111 1110 
36, 2237, 2.237, 0111 1110 1111 1110 
36, 3158, 3.158, 1111 1110 0111 1110 
36, 3373, 3.373, 0111 1110 1111 1110 
36, 4128, 4.128, 0000 0001 1000 0001 
36, 4268, 4.268, 0111 1110 1111 1110 
36, 31429, 31.429, 0000 0000 0000 0000 
36, 35525, 35.525, 0111 1110 1111 1110 
36, 80060, 80.06, 1111 1110 1111 1110 
36, 80113, 80.113, 0111 1110 1111 1110 
36, 80401, 80.401, 0000 0000 0000 0000 
37, 0, 0.0, 1111 1110 1111 1110 
37, 1, 0.001, 1000 0001 1000 0001 
37, 20, 0.02, 1000 0001 0000 0001 
37, 168, 0.168, 1111 1110 0111 1110 
37, 566, 0.566, 0111 1110 1111 1110 
37, 948, 0.948, 1111 1110 0111 1110 
37, 1914, 1.914, 0111 1110 1111 1110 
37, 2072, 2.072, 1111 1110 1111 1110 
37, 2180, 2.18, 1111 1110 0111 1110 
37, 3053, 3.053, 0111 1110 1111 1110 
37, 3240, 3.24, 1111 1110 0111 1110 
37, 4122, 4.122, 1000 0001 0000 0001 
37, 4264, 4.264, 1111 1110 0111 1110 
37, 29529, 29.529, 0000 0000 0000 0000 
37, 33625, 33.625, 1111 1110 0111 1110 
37, 78742, 78.742, 0000 0000 0000 0000 
38, 0, 0.0, 0111 1110 0111 1110 
38, 1, 0.001, 0000 0001 0000 0001 
38, 19, 0.019, 0000 0001 1000 0001 
38, 162, 0.162, 0111 1110 1111 1110 
38, 567, 0.567, 1111 1110 0111 1110 
38, 902, 0.902, 0111 1110 1111 1110 
38, 1769, 1.769, 1111 1110 0111 1110 
38, 2069, 2.069, 0111 1110 1111 1110 
38, 2984, 2.984, 1111 1110 0111 1110 
38, 3220, 3.22, 0111 1110 1111 1110 
38, 3994, 3.994, 0111 1110 0111 1110 
38, 4097, 4.097, 0000 0001 0000 0001 
38, 4115, 4.115, 0000 0001 1000 0001 
38, 4258, 4.258, 0111 1110 1111 1110 
38, 30779, 30.779, 0000 0000 0000 0000 
38, 34875, 34.875, 0111 1110 1111 1110 
38, 83097, 83.097, 0000 0000 0000 0000 
39, 0, 0.0, 1111 1110 1111 1110 
39, 1, 0.001, 1000 0001 1000 0001 
39, 20, 0.02, 1000 0001 0000 0001 
39, 157, 0.157, 1111 1110 0111 1110 
39, 617, 0.617, 0111 1110 1111 1110 
39, 999, 0.999, 1111 1110 0111 1110 
39, 1926, 1.926, 1111 1110 1111 1110 
39, 1983, 1.983, 0111 1110 1111 1110 
39, 2267, 2.267, 1111 1110 0111 1110 
39, 3188, 3.188, 0111 1110 1111 1110 
39, 3402, 3.402, 1111 1110 0111 1110 
39, 32266, 32.266, 0000 0000 0000 0000 
39, 36362, 36.362, 1111 1110 0111 1110 
39, 59533, 59.533, 0000 0000 0000 0000 
39, 63629, 63.629, 1111 1110 0111 1110 
39, 66746, 66.746, 0000 0000 0000 0000 
39, 70842, 70.842, 1111 1110 0111 1110 
39, 73647, 73.647, 0000 0000 0000 0000 
39, 81839, 81.839, 1111 1110 0111 1110 
39, 83529, 83.529, 0000 0000 0000 0000 
40, 0, 0.0, 0111 1110 1111 1110 
40, 4096, 4.096, 0000 0000 0000 0000 
40, 20019, 20.019, 0111 1110 1111 1110 
40, 21114, 21.114, 0000 0000 0000 0000 
40, 25210, 25.21, 0111 1110 1111 1110 
40, 30278, 30.278, 0000 0000 0000 0000 
40, 38470, 38.47, 0111 1110 1111 1110 
40, 41489, 41.489, 0000 0000 0000 0000 
40, 49681, 49.681, 0111 1110 1111 1110 
40, 52550, 52.55, 0000 0000 0000 0000 
40, 60742, 60.742, 0111 1110 1111 1110 
40, 63934, 63.934, 0000 0000 0000 0000 
41, 0, 0.0, 1111 1110 1111 1110 
41, 1, 0.001, 1000 0001 1000 0001 
41, 19, 0.019, 1000 0001 0000 0001 
41, 351, 0.351, 1111 1110 0111 1110 
41, 762, 0.762, 1111 1110 1111 1110 
41, 2439, 2.439, 0000 0000 0000 0000 
41, 6535, 6.535, 1111 1110 0111 1110 
41, 6701, 6.701, 0000 0000 0000 0000 
41, 10797, 10.797, 1111 1110 0111 1110 
41, 16779, 16.779, 0000 0000 0000 0000 
41, 24971, 24.971, 1111 1110 0111 1110 
41, 31671, 31.671, 0000 0000 0000 0000 
41, 39863, 39.863, 1111 1110 0111 1110 
41, 40032, 40.032, 0000 0000 0000 0000 
41, 48224, 48.224, 1111 1110 0111 1110 
41, 51865, 51.865, 0000 0000 0000 0000 
41, 55961, 55.961, 1111 1110 0111 1110 
41, 56398, 56.398, 0000 0000 0000 0000 
42, 0, 0.0, 0000 0001 0000 0001 
42, 28, 0.028, 0000 0001 1000 0001 
42, 236, 0.236, 0111 1110 1111 1110 
42, 1286, 1.286, 0111 1110 0111 1110 
42, 1684, 1.684, 0111 1110 1111 1110 
42, 2602, 2.602, 0111 1110 0111 1110 
42, 3107, 3.107, 0111 1110 1111 1110 
42, 4225, 4.225, 0000 0001 1000 0001 
42, 4332, 4.332, 0111 1110 1111 1110 
42, 15784, 15.784, 0000 0000 0000 0000 
42, 19880, 19.88, 0111 1110 1111 1110 
42, 21960, 21.96, 0000 0000 0000 0000 
42, 26056, 26.056, 0111 1110 1111 1110 
42, 28212, 28.212, 0000 0000 0000 0000 
42, 40500, 40.5, 0111 1110 1111 1110 
42, 42149, 42.149, 0000 0000 0000 0000 
42, 46245, 46.245, 0111 1110 1111 1110 
42, 46445, 46.445, 0000 0000 0000 0000 
42, 66925, 66.925, 0111 1110 1111 1110 
42, 69754, 69.754, 0000 0000 0000 0000 
43, 0, 0.0, 1111 1110 1111 1110 
43, 1, 0.001, 1000 0001 1000 0001 
43, 20, 0.02, 1000 0001 0000 0001 
43, 316, 0.316, 1111 1110 0111 1110 
43, 2245, 2.245, 1111 1110 1111 1110 
43, 2621, 2.621, 1111 1110 0111 1110 
43, 4348, 4.348, 1000 0001 0000 0001 
43, 4412, 4.412, 1111 1110 0111 1110 
43, 8275, 8.275, 0000 0000 0000 0000 
43, 20563, 20.563, 1111 1110 0111 1110 
43, 21330, 21.33, 0000 0000 0000 0000 
43, 37714, 37.714, 1111 1110 0111 1110 
43, 39289, 39.289, 0000 0000 0000 0000 
43, 47481, 47.481, 1111 1110 0111 1110 
43, 49606, 49.606, 0000 0000 0000 0000 
43, 53702, 53.702, 1111 1110 0111 1110 
43, 57185, 57.185, 0000 0000 0000 0000 
43, 65377, 65.377, 1111 1110 0111 1110 
43, 68308, 68.308, 0000 0000 0000 0000 
44, 0, 0.0, 0111 1110 0111 1110 
44, 1, 0.001, 0000 0001 0000 0001 
44, 20, 0.02, 0000 0001 1000 0001 
44, 403, 0.403, 0111 1110 1111 1110 
44, 994, 0.994, 0111 1110 0111 1110 
44, 1334, 1.334, 0111 1110 1111 1110 
44, 2363, 2.363, 0111 1110 0111 1110 
44, 2838, 2.838, 0111 1110 1111 1110 
44, 23361, 23.361, 0000 0000 0000 0000 
44, 27457, 27.457, 0111 1110 1111 1110 
44, 31212, 31.212, 0000 0000 0000 0000 
44, 43500, 43.5, 0111 1110 1111 1110 
44, 45395, 45.395, 0000 0000 0000 0000 
44, 49491, 49.491, 0111 1110 1111 1110 
44, 52297, 52.297, 0000 0000 0000 0000 
44, 56393, 56.393, 0111 1110 1111 1110 
44, 57855, 57.855, 0000 0000 0000 0000 
44, 61951, 61.951, 0111 1110 1111 1110 
44, 63603, 63.603, 0000 0000 0000 0000 
44, 75891, 75.891, 0111 1110 1111 1110 
44, 79983, 79.983, 0000 0000 0000 0000 
44, 88175, 88.175, 0111 1110 1111 1110 
44, 92276, 92.276, 0000 0000 0000 0000 
44, 100468, 100.468, 0111 1110 1111 1110 
44, 103781, 103.781, 0000 0000 0000 0000 
44, 107877, 107.877, 0111 1110 1111 1110 
44, 184420, 184.42, 0000 0000 0000 0000 
44, 204900, 204.9, 0111 1110 1111 1110 
44, 400396, 400.396, 1111 1110 1111 1110 
44, 400640, 400.64, 0111 1110 1111 1110 
44, 400871, 400.871, 0000 0000 0000 0000 
45, 0, 0.0, 1111 1110 1111 1110 
45, 1, 0.001, 1000 0001 1000 0001 
45, 19, 0.019, 1000 0001 0000 0001 
45, 253, 0.253, 1111 1110 0111 1110 
45, 749, 0.749, 0111 1110 1111 1110 
45, 1113, 1.113, 1111 1110 0111 1110 
45, 2103, 2.103, 0111 1110 1111 1110 
45, 2416, 2.416, 1111 1110 0111 1110 
45, 3248, 3.248, 1111 1110 1111 1110 
45, 3754, 3.754, 1111 1110 0111 1110 
45, 21970, 21.97, 0000 0000 0000 0000 
45, 26066, 26.066, 1111 1110 0111 1110 
45, 91402, 91.402, 0000 0000 0000 0000 
46, 0, 0.0, 0111 1110 0111 1110 
46, 1, 0.001, 0000 0001 0000 0001 
46, 20, 0.02, 0000 0001 1000 0001 
46, 164, 0.164, 0111 1110 1111 1110 
46, 590, 0.59, 1111 1110 0111 1110 
46, 923, 0.923, 0111 1110 1111 1110 
46, 1816, 1.816, 0111 1110 0111 1110 
46, 2121, 2.121, 0111 1110 1111 1110 
46, 3113, 3.113, 1111 1110 0111 1110 
46, 3327, 3.327, 0111 1110 1111 1110 
46, 4119, 4.119, 0000 0001 1000 0001 
46, 4123, 4.123, 0111 1110 1111 1110 
46, 4132, 4.132, 0000 0001 1000 0001 
46, 4260, 4.26, 0111 1110 1111 1110 
46, 25371, 25.371, 0000 0000 0000 0000 
46, 29467, 29.467, 0111 1110 1111 1110 
46, 32533, 32.533, 0000 0000 0000 0000 
46, 36629, 36.629, 0111 1110 1111 1110 
46, 39725, 39.725, 0000 0000 0000 0000 
46, 43821, 43.821, 0111 1110 1111 1110 
46, 45830, 45.83, 0000 0000 0000 0000 
46, 54022, 54.022, 0111 1110 1111 1110 
46, 57505, 57.505, 0000 0000 0000 0000 
46, 65697, 65.697, 0111 1110 1111 1110 
46, 69736, 69.736, 0000 0000 0000 0000 
46, 90216, 90.216, 0111 1110 1111 1110 
46, 91762, 91.762, 0000 0000 0000 0000 
47, 0, 0.0, 1111 1110 1111 1110 
47, 1, 0.001, 1000 0001 1000 0001 
47, 31, 0.031, 1000 0001 0000 0001 
47, 176, 0.176, 1111 1110 0111 1110 
47, 559, 0.559, 1111 1110 1111 1110 
47, 937, 0.937, 1111 1110 0111 1110 
47, 2221, 2.221, 1111 1110 1111 1110 
47, 2659, 2.659, 1111 1110 0111 1110 
47, 3525, 3.525, 1111 1110 1111 1110 
47, 3953, 3.953, 1111 1110 0111 1110 
47, 35728, 35.728, 0000 0000 0000 0000 
47, 39824, 39.824, 1111 1110 0111 1110 
47, 65235, 65.235, 0000 0000 0000 0000 
48, 0, 0.0, 0111 1110 0111 1110 
48, 1, 0.001, 0000 0001 0000 0001 
48, 20, 0.02, 0000 0001 1000 0001 
48, 214, 0.214, 0111 1110 1111 1110 
48, 782, 0.782, 1111 1110 0111 1110 
48, 1263, 1.263, 0111 1110 1111 1110 
48, 2515, 2.515, 1111 1110 0111 1110 
48, 2796, 2.796, 0111 1110 1111 1110 
48, 3698, 3.698, 0111 1110 0111 1110 
48, 4097, 4.097, 0000 0001 0000 0001 
48, 4114, 4.114, 0111 1110 1111 1110 
48, 30056, 30.056, 0000 0000 0000 0000 
48, 34152, 34.152, 0111 1110 1111 1110 
48, 35414, 35.414, 0000 0000 0000 0000 
48, 39510, 39.51, 0111 1110 1111 1110 
48, 86731, 86.731, 0000 0000 0000 0000 
49, 0, 0.0, 1111 1110 1111 1110 
49, 1, 0.001, 1000 0001 1000 0001 
49, 20, 0.02, 1000 0001 0000 0001 
49, 153, 0.153, 1111 1110 0111 1110 
49, 482, 0.482, 0111 1110 1111 1110 
49, 768, 0.768, 1111 1110 1111 1110 
49, 855, 0.855, 1111 1110 0111 1110 
49, 1649, 1.649, 0111 1110 1111 1110 
49, 1925, 1.925, 1111 1110 0111 1110 
49, 2865, 2.865, 0111 1110 1111 1110 
49, 3142, 3.142, 1111 1110 0111 1110 
49, 3963, 3.963, 1111 1110 1111 1110 
49, 4097, 4.097, 1000 0001 1000 0001 
49, 4116, 4.116, 1000 0001 0000 0001 
49, 4249, 4.249, 1111 1110 0111 1110 
49, 79101, 79.101, 0111 1110 0111 1110 
49, 79162, 79.162, 1111 1110 0111 1110 
49, 79478, 79.478, 0000 0000 0000 0000 
50, 0, 0.0, 0111 1110 0111 1110 
50, 1, 0.001, 0000 0001 0000 0001 
50, 35, 0.035, 0000 0001 1000 0001 
50, 226, 0.226, 0111 1110 1111 1110 
50, 690, 0.69, 0111 1110 0111 1110 
50, 1055, 1.055, 0111 1110 1111 1110 
50, 2273, 2.273, 0111 1110 0111 1110 
50, 2698, 2.698, 0111 1110 1111 1110 
50, 3783, 3.783, 0111 1110 0111 1110 
50, 4097, 4.097, 0000 0001 0000 0001 
50, 4131, 4.131, 0000 0001 1000 0001 
50, 4170, 4.17, 0111 1110 1111 1110 
50, 76216, 76.216, 1111 1110 1111 1110 
50, 76941, 76.941, 0111 1110 1111 1110 
50, 77300, 77.3, 0000 0000 0000 0000 
51, 0, 0.0, 1111 1110 1111 1110 
51, 1, 0.001, 1000 0001 1000 0001 
51, 19, 0.019, 1000 0001 0000 0001 
51, 152, 0.152, 1111 1110 0111 1110 
51, 541, 0.541, 0111 1110 1111 1110 
51, 884, 0.884, 1111 1110 0111 1110 
51, 1758, 1.758, 0111 1110 1111 1110 
51, 2077, 2.077, 1111 1110 0111 1110 
51, 2943, 2.943, 1111 1110 1111 1110 
51, 3193, 3.193, 1111 1110 0111 1110 
51, 30001, 30.001, 0000 0000 0000 0000 
51, 34097, 34.097, 1111 1110 0111 1110 
51, 53705, 53.705, 0000 0000 0000 0000 
51, 57801, 57.801, 1111 1110 0111 1110 
51, 59668, 59.668, 0000 0000 0000 0000 
51, 63764, 63.764, 1111 1110 0111 1110 
51, 64377, 64.377, 0000 0000 0000 0000 
51, 72569, 72.569, 1111 1110 0111 1110 
51, 75312, 75.312, 0000 0000 0000 0000 
51, 79408, 79.408, 1111 1110 0111 1110 
51, 80807, 80.807, 0000 0000 0000 0000 
51, 84903, 84.903, 1111 1110 0111 1110 
51, 88598, 88.598, 0000 0000 0000 0000 
51, 100886, 100.886, 1111 1110 0111 1110 
51, 104466, 104.466, 0000 0000 0000 0000 
51, 108562, 108.562, 1111 1110 0111 1110 
51, 111756, 111.756, 0000 0000 0000 0000 
51, 119948, 119.948, 1111 1110 0111 1110 
51, 123456, 123.456, 0000 0000 0000 0000 
51, 127552, 127.552, 1111 1110 0111 1110 
51, 182797, 182.797, 0000 0000 0000 0000 
51, 186893, 186.893, 1111 1110 0111 1110 
51, 188113, 188.113, 0000 0000 0000 0000 
51, 200401, 200.401, 1111 1110 0111 1110 
51, 202111, 202.111, 0000 0000 0000 0000 
52, 0, 0.0, 0111 1110 0111 1110 
52, 1, 0.001, 0000 0001 0000 0001 
52, 20, 0.02, 0000 0001 1000 0001 
52, 214, 0.214, 0111 1110 1111 1110 
52, 1196, 1.196, 0111 1110 0111 1110 
52, 4096, 4.096, 0000 0000 0000 0000 
52, 20936, 20.936, 0111 1110 1111 1110 
52, 22739, 22.739, 0000 0000 0000 0000 
52, 30931, 30.931, 0111 1110 1111 1110 
52, 31009, 31.009, 0000 0000 0000 0000 
52, 51489, 51.489, 0111 1110 1111 1110 
52, 130772, 130.772, 1111 1110 1111 1110 
52, 130966, 130.966, 0111 1110 1111 1110 
52, 131217, 131.217, 0000 0000 0000 0000 
53, 0, 0.0, 1111 1110 1111 1110 
53, 1, 0.001, 1000 0001 1000 0001 
53, 20, 0.02, 1000 0001 0000 0001 
53, 153, 0.153, 1111 1110 0111 1110 
53, 651, 0.651, 0111 1110 1111 1110 
53, 1125, 1.125, 1111 1110 0111 1110 
53, 2197, 2.197, 1111 1110 1111 1110 
53, 2487, 2.487, 1111 1110 0111 1110 
53, 3384, 3.384, 1111 1110 1111 1110 
53, 3805, 3.805, 1111 1110 0111 1110 
53, 13678, 13.678, 0000 0000 0000 0000 
53, 25966, 25.966, 1111 1110 0111 1110 
53, 28104, 28.104, 0000 0000 0000 0000 
53, 36296, 36.296, 1111 1110 0111 1110 
53, 36521, 36.521, 0000 0000 0000 0000 
53, 40617, 40.617, 1111 1110 0111 1110 
53, 42407, 42.407, 0000 0000 0000 0000 
53, 58791, 58.791, 1111 1110 0111 1110 
53, 61841, 61.841, 0000 0000 0000 0000 
53, 65937, 65.937, 1111 1110 0111 1110 
53, 69363, 69.363, 0000 0000 0000 0000 
54, 0, 0.0, 0111 1110 0111 1110 
54, 1, 0.001, 0000 0001 0000 0001 
54, 142, 0.142, 0000 0001 1000 0001 
54, 538, 0.538, 0111 1111 1111 1110 
54, 539, 0.539, 0111 1110 1111 1110 
54, 1222, 1.222, 0111 1110 0111 1110 
54, 1700, 1.7, 0111 1110 1111 1110 
54, 2576, 2.576, 0111 1110 0111 1110 
54, 3019, 3.019, 0111 1110 1111 1110 
54, 4409, 4.409, 0000 0001 1000 0001 
54, 4634, 4.634, 0111 1111 1111 1110 
54, 4635, 4.635, 0111 1110 1111 1110 
54, 27996, 27.996, 0000 0000 0000 0000 
54, 32092, 32.092, 0111 1110 1111 1110 
54, 32865, 32.865, 0000 0000 0000 0000 
54, 41057, 41.057, 0111 1110 1111 1110 
54, 64569, 64.569, 0000 0000 0000 0000 
54, 68665, 68.665, 0111 1110 1111 1110 
54, 76526, 76.526, 1111 1110 1111 1110 
54, 77000, 77.0, 0111 1110 1111 1110 
54, 78030, 78.03, 0000 0000 0000 0000 
55, 0, 0.0, 1111 1110 1111 1110 
55, 1, 0.001, 1000 0001 1000 0001 
55, 20, 0.02, 1000 0001 0000 0001 
55, 172, 0.172, 1111 1110 0111 1110 
55, 526, 0.526, 1111 1110 1111 1110 
55, 877, 0.877, 1111 1110 0111 1110 
55, 1707, 1.707, 1111 1110 1111 1110 
55, 1933, 1.933, 1111 1110 0111 1110 
55, 2719, 2.719, 1111 1110 1111 1110 
55, 2947, 2.947, 1111 1110 0111 1110 
55, 6815, 6.815, 0000 0000 0000 0000 
55, 19103, 19.103, 1111 1110 0111 1110 
55, 20705, 20.705, 0000 0000 0000 0000 
55, 24801, 24.801, 1111 1110 0111 1110 
55, 25239, 25.239, 0000 0000 0000 0000 
55, 29335, 29.335, 1111 1110 0111 1110 
55, 32126, 32.126, 0000 0000 0000 0000 
55, 36222, 36.222, 1111 1110 0111 1110 
55, 38365, 38.365, 0000 0000 0000 0000 
55, 42461, 42.461, 1111 1110 0111 1110 
55, 44349, 44.349, 0000 0000 0000 0000 
55, 56637, 56.637, 1111 1110 0111 1110 
55, 57610, 57.61, 0000 0000 0000 0000 
55, 73994, 73.994, 0111 1110 0111 1110 
55, 78055, 78.055, 0000 0000 0000 0000 
56, 0, 0.0, 0111 1110 0111 1110 
56, 1, 0.001, 0000 0001 0000 0001 
56, 19, 0.019, 0000 0001 1000 0001 
56, 160, 0.16, 0111 1110 1111 1110 
56, 674, 0.674, 0111 1110 0111 1110 
56, 944, 0.944, 0000 0000 0000 0000 
56, 9136, 9.136, 0111 1110 1111 1110 
56, 11014, 11.014, 0000 0000 0000 0000 
56, 19206, 19.206, 0111 1110 1111 1110 
56, 19919, 19.919, 0000 0000 0000 0000 
57, 0, 0.0, 1111 1110 1111 1110 
57, 1, 0.001, 1000 0001 1000 0001 
57, 20, 0.02, 1000 0001 0000 0001 
57, 216, 0.216, 1111 1110 0111 1110 
57, 727, 0.727, 1111 1110 1111 1110 
57, 1192, 1.192, 1111 1110 0111 1110 
57, 2466, 2.466, 1111 1110 1111 1110 
57, 2699, 2.699, 1111 1110 0111 1110 
57, 3556, 3.556, 1111 1110 1111 1110 
57, 4008, 4.008, 1111 1110 0111 1110 
57, 25852, 25.852, 0000 0000 0000 0000 
57, 29948, 29.948, 1111 1110 0111 1110 
57, 39071, 39.071, 0000 0000 0000 0000 
57, 47263, 47.263, 1111 1110 0111 1110 
57, 49924, 49.924, 0000 0000 0000 0000 
57, 58116, 58.116, 1111 1110 0111 1110 
57, 62051, 62.051, 0000 0000 0000 0000 
57, 70243, 70.243, 1111 1110 0111 1110 
57, 81048, 81.048, 0000 0000 0000 0000 
57, 85144, 85.144, 1111 1110 0111 1110 
57, 85842, 85.842, 0000 0000 0000 0000 
57, 94034, 94.034, 1111 1110 0111 1110 
57, 97517, 97.517, 0000 0000 0000 0000 
58, 0, 0.0, 0111 1110 1111 1110 
58, 4096, 4.096, 0000 0000 0000 0000 
58, 33624, 33.624, 0111 1110 1111 1110 
58, 40047, 40.047, 0000 0000 0000 0000 
59, 0, 0.0, 1111 1110 1111 1110 
59, 1, 0.001, 1000 0001 1000 0001 
59, 20, 0.02, 1000 0001 0000 0001 
59, 147, 0.147, 1111 1110 0111 1110 
59, 635, 0.635, 0111 1110 1111 1110 
59, 1004, 1.004, 1111 1110 0111 1110 
59, 1967, 1.967, 1111 1110 1111 1110 
59, 2270, 2.27, 1111 1110 0111 1110 
59, 3239, 3.239, 0111 1110 1111 1110 
59, 3506, 3.506, 1111 1110 0111 1110 
59, 29274, 29.274, 0000 0000 0000 0000 
59, 33370, 33.37, 1111 1110 0111 1110 
59, 39981, 39.981, 0000 0000 0000 0000 
59, 44077, 44.077, 1111 1110 0111 1110 
59, 46299, 46.299, 0000 0000 0000 0000 
59, 54491, 54.491, 1111 1110 0111 1110 
59, 56864, 56.864, 0000 0000 0000 0000 
59, 65056, 65.056, 1111 1110 0111 1110 
59, 66582, 66.582, 0000 0000 0000 0000 
59, 74774, 74.774, 1111 1110 0111 1110 
59, 82467, 82.467, 0000 0000 0000 0000 
60, 0, 0.0, 0000 0001 0000 0001 
60, 35, 0.035, 0000 0001 1000 0001 
60, 872, 0.872, 0111 1110 1111 1110 
60, 1935, 1.935, 1111 1110 0111 1110 
60, 2394, 2.394, 0111 1110 1111 1110 
60, 3421, 3.421, 0111 1110 0111 1110 
60, 3993, 3.993, 0111 1110 1111 1110 
60, 25867, 25.867, 0000 0000 0000 0000 
60, 29963, 29.963, 0111 1110 1111 1110 
60, 30692, 30.692, 0000 0000 0000 0000 
60, 38884, 38.884, 0111 1110 1111 1110 
60, 75722, 75.722, 1111 1110 1111 1110 
60, 75817, 75.817, 0111 1110 1111 1110 
60, 76171, 76.171, 0000 0000 0000 0000 
61, 0, 0.0, 1111 1110 1111 1110 
61, 1, 0.001, 1000 0001 1000 0001 
61, 20, 0.02, 1000 0001 0000 0001 
61, 167, 0.167, 1111 1110 0111 1110 
61, 887, 0.887, 0111 1110 1111 1110 
61, 2866, 2.866, 1111 1110 1111 1110 
61, 4096, 4.096, 0000 0000 0000 0000 
61, 8390, 8.39, 1111 1110 0111 1110 
61, 21062, 21.062, 0000 0000 0000 0000 
61, 29254, 29.254, 1111 1110 0111 1110 
61, 29379, 29.379, 0000 0000 0000 0000 
61, 33475, 33.475, 1111 1110 0111 1110 
61, 33559, 33.559, 0000 0000 0000 0000 
61, 37655, 37.655, 1111 1110 0111 1110 
61, 41211, 41.211, 0000 0000 0000 0000 
61, 45307, 45.307, 1111 1110 0111 1110 
61, 54124, 54.124, 0000 0000 0000 0000 
61, 70508, 70.508, 1111 1110 0111 1110 
61, 72942, 72.942, 0000 0000 0000 0000 
62, 0, 0.0, 0000 0001 1000 0001 
62, 1540, 1.54, 0111 1111 1111 1110 
62, 1541, 1.541, 0111 1110 1111 1110 
62, 2140, 2.14, 0000 0001 1000 0001 
62, 4096, 4.096, 0000 0000 0000 0000 
62, 35204, 35.204, 0111 1110 1111 1110 
62, 40832, 40.832, 0000 0000 0000 0000 
62, 44928, 44.928, 0111 1110 1111 1110 
62, 49213, 49.213, 0000 0000 0000 0000 
62, 53309, 53.309, 0111 1110 1111 1110 
62, 55973, 55.973, 0000 0000 0000 0000 
62, 68261, 68.261, 0111 1110 1111 1110 
62, 68341, 68.341, 0000 0000 0000 0000 
63, 0, 0.0, 1111 1110 1111 1110 
63, 1, 0.001, 1000 0001 1000 0001 
63, 36, 0.036, 1000 0001 0000 0001 
63, 786, 0.786, 1111 1110 0111 1110 
63, 2160, 2.16, 1111 1110 1111 1110 
63, 2446, 2.446, 1111 1110 0111 1110 
63, 3443, 3.443, 1111 1110 1111 1110 
63, 3457, 3.457, 1111 1110 0111 1110 
63, 3472, 3.472, 1111 1110 1111 1110 
63, 3894, 3.894, 1111 1110 0111 1110 
63, 21904, 21.904, 0000 0000 0000 0000 
63, 38288, 38.288, 1111 1110 0111 1110 
63, 41162, 41.162, 0000 0000 0000 0000 
63, 53450, 53.45, 1111 1110 0111 1110 
63, 57506, 57.506, 0000 0000 0000 0000 
63, 77986, 77.986, 1111 1110 0111 1110 
63, 79549, 79.549, 0000 0000 0000 0000 
64, 0, 0.0, 0111 1110 0111 1110 
64, 1, 0.001, 0000 0001 0000 0001 
64, 20, 0.02, 0000 0001 1000 0001 
64, 1034, 1.034, 0111 1110 1111 1110 
64, 1550, 1.55, 0111 1110 0111 1110 
64, 1862, 1.862, 0111 1110 1111 1110 
64, 3100, 3.1, 0111 1110 0111 1110 
64, 3586, 3.586, 0111 1110 1111 1110 
64, 4766, 4.766, 0000 0001 1000 0001 
64, 5130, 5.13, 0111 1110 1111 1110 
64, 10008, 10.008, 0000 0000 0000 0000 
64, 18200, 18.2, 0111 1110 1111 1110 
64, 20226, 20.226, 0000 0000 0000 0000 
64, 28418, 28.418, 0111 1110 1111 1110 
64, 30947, 30.947, 0000 0000 0000 0000 
64, 35043, 35.043, 0111 1110 1111 1110 
64, 35893, 35.893, 0000 0000 0000 0000 
64, 39989, 39.989, 0111 1110 1111 1110 
64, 43604, 43.604, 0000 0000 0000 0000 
64, 51796, 51.796, 0111 1110 1111 1110 
64, 53539, 53.539, 0000 0000 0000 0000 
64, 57635, 57.635, 0111 1110 1111 1110 
64, 61305, 61.305, 0000 0000 0000 0000 
65, 0, 0.0, 1111 1110 1111 1110 
65, 1, 0.001, 1000 0001 1000 0001 
65, 19, 0.019, 1000 0001 0000 0001 
65, 142, 0.142, 1111 1110 0111 1110 
65, 617, 0.617, 1111 1110 1111 1110 
65, 942, 0.942, 1111 1110 0111 1110 
65, 1901, 1.901, 1111 1110 1111 1110 
65, 2242, 2.242, 1111 1110 0111 1110 
65, 3221, 3.221, 1111 1110 1111 1110 
65, 3528, 3.528, 1111 1110 0111 1110 
65, 9767, 9.767, 0000 0000 0000 0000 
65, 13863, 13.863, 1111 1110 0111 1110 
65, 17147, 17.147, 0000 0000 0000 0000 
65, 21243, 21.243, 1111 1110 0111 1110 
65, 25125, 25.125, 0000 0000 0000 0000 
65, 33317, 33.317, 1111 1110 0111 1110 
65, 34924, 34.924, 0000 0000 0000 0000 
65, 39020, 39.02, 1111 1110 0111 1110 
65, 39605, 39.605, 0000 0000 0000 0000 
65, 51893, 51.893, 1111 1110 0111 1110 
65, 53798, 53.798, 0000 0000 0000 0000 
65, 61990, 61.99, 1111 1110 0111 1110 
65, 65623, 65.623, 0000 0000 0000 0000 
65, 69719, 69.719, 1111 1110 0111 1110 
65, 71471, 71.471, 0000 0000 0000 0000 
65, 75567, 75.567, 1111 1110 0111 1110 
65, 81009, 81.009, 0000 0000 0000 0000 
65, 97393, 97.393, 1111 1110 0111 1110 
65, 202864, 202.864, 0000 0000 0000 0000 
65, 206960, 206.96, 1111 1110 0111 1110 
65, 207302, 207.302, 0000 0000 0000 0000 
65, 215494, 215.494, 1111 1110 0111 1110 
65, 219099, 219.099, 0000 0000 0000 0000 
65, 227291, 227.291, 1111 1110 0111 1110 
65, 500482, 500.482, 0111 1110 0111 1110 
65, 500881, 500.881, 1111 1110 0111 1110 
65, 501167, 501.167, 0000 0000 0000 0000 
66, 0, 0.0, 0111 1110 0111 1110 
66, 1, 0.001, 0000 0001 0000 0001 
66, 20, 0.02, 0000 0001 1000 0001 
66, 125, 0.125, 0111 1110 1111 1110 
66, 461, 0.461, 1111 1110 0111 1110 
66, 804, 0.804, 0111 1110 1111 1110 
66, 1543, 1.543, 0111 1110 0111 1110 
66, 1849, 1.849, 0111 1110 1111 1110 
66, 2663, 2.663, 1111 1110 0111 1110 
66, 2973, 2.973, 0111 1110 1111 1110 
66, 3840, 3.84, 0111 1110 0111 1110 
66, 4097, 4.097, 0000 0001 0000 0001 
66, 4116, 4.116, 0000 0001 1000 0001 
66, 4221, 4.221, 0111 1110 1111 1110 
66, 67283, 67.283, 0000 0000 0000 0000 
67, 0, 0.0, 1111 1110 1111 1110 
67, 1, 0.001, 1000 0001 1000 0001 
67, 19, 0.019, 1000 0001 0000 0001 
67, 152, 0.152, 1111 1110 0111 1110 
67, 541, 0.541, 0111 1110 1111 1110 
67, 946, 0.946, 1111 1110 0111 1110 
67, 1892, 1.892, 1111 1110 1111 1110 
67, 2105, 2.105, 0111 1110 1111 1110 
67, 2156, 2.156, 1111 1110 0111 1110 
67, 3101, 3.101, 0111 1110 1111 1110 
67, 3289, 3.289, 1111 1110 0111 1110 
67, 4065, 4.065, 1111 1110 1111 1110 
67, 4097, 4.097, 1000 0001 1000 0001 
67, 4115, 4.115, 1000 0001 0000 0001 
67, 4248, 4.248, 1111 1110 0111 1110 
67, 29741, 29.741, 0000 0000 0000 0000 
67, 33837, 33.837, 1111 1110 0111 1110 
67, 34565, 34.565, 0000 0000 0000 0000 
67, 38661, 38.661, 1111 1110 0111 1110 
67, 38889, 38.889, 0000 0000 0000 0000 
67, 42985, 42.985, 1111 1110 0111 1110 
67, 43370, 43.37, 0000 0000 0000 0000 
67, 59754, 59.754, 1111 1110 0111 1110 
67, 68251, 68.251, 0000 0000 0000 0000 
67, 72347, 72.347, 1111 1110 0111 1110 
67, 80815, 80.815, 0000 0000 0000 0000 
67, 89007, 89.007, 0111 1110 0111 1110 
67, 92112, 92.112, 0000 0000 0000 0000 
68, 0, 0.0, 0111 1110 0111 1110 
68, 1, 0.001, 0000 0001 0000 0001 
68, 20, 0.02, 0000 0001 1000 0001 
68, 446, 0.446, 0111 1110 1111 1110 
68, 1265, 1.265, 0111 1110 0111 1110 
68, 3858, 3.858, 0000 0000 0000 0000 
68, 12050, 12.05, 0111 1110 1111 1110 
68, 15468, 15.468, 0000 0000 0000 0000 
68, 23660, 23.66, 0111 1110 1111 1110 
68, 27119, 27.119, 0000 0000 0000 0000 
68, 35311, 35.311, 0111 1110 1111 1110 
68, 35689, 35.689, 0000 0000 0000 0000 
68, 47977, 47.977, 0111 1110 1111 1110 
68, 50910, 50.91, 1111 1110 1111 1110 
68, 51059, 51.059, 0111 1110 1111 1110 
68, 51454, 51.454, 0000 0000 0000 0000 
69, 0, 0.0, 1111 1110 0111 1110 
69, 749, 0.749, 1000 0001 0000 0001 
69, 3940, 3.94, 1111 1110 0111 1110 
69, 4096, 4.096, 0000 0000 0000 0000 
69, 5793, 5.793, 1111 1110 0111 1110 
69, 6884, 6.884, 1000 0001 0000 0001 
69, 7195, 7.195, 1111 1110 0111 1110 
69, 12210, 12.21, 0000 0000 0000 0000 
69, 32690, 32.69, 1111 1110 0111 1110 
69, 38333, 38.333, 0000 0000 0000 0000 
69, 50621, 50.621, 1111 1110 0111 1110 
69, 51573, 51.573, 0000 0000 0000 0000 
69, 55669, 55.669, 1111 1110 0111 1110 
69, 58364, 58.364, 0000 0000 0000 0000 
69, 66556, 66.556, 1111 1110 0111 1110 
69, 69843, 69.843, 0000 0000 0000 0000 
70, 0, 0.0, 0111 1110 0111 1110 
70, 1, 0.001, 0000 0001 0000 0001 
70, 36, 0.036, 0000 0001 1000 0001 
70, 206, 0.206, 0111 1110 1111 1110 
70, 608, 0.608, 0111 1110 0111 1110 
70, 981, 0.981, 0111 1110 1111 1110 
70, 1928, 1.928, 0111 1110 0111 1110 
70, 2187, 2.187, 0111 1110 1111 1110 
70, 3141, 3.141, 0111 1110 0111 1110 
70, 3338, 3.338, 0111 1110 1111 1110 
70, 4042, 4.042, 0111 1110 0111 1110 
70, 4097, 4.097, 0000 0001 0000 0001 
70, 4132, 4.132, 0000 0001 1000 0001 
70, 4302, 4.302, 0111 1110 1111 1110 
70, 22879, 22.879, 0000 0000 0000 0000 
70, 26975, 26.975, 0111 1110 1111 1110 
70, 30661, 30.661, 0000 0000 0000 0000 
70, 38853, 38.853, 0111 1110 1111 1110 
70, 42141, 42.141, 0000 0000 0000 0000 
70, 50333, 50.333, 0111 1110 1111 1110 
70, 55504, 55.504, 0000 0000 0000 0000 
70, 63696, 63.696, 0111 1110 1111 1110 
70, 67505, 67.505, 0000 0000 0000 0000 
70, 83889, 83.889, 0111 1110 1111 1110 
70, 85940, 85.94, 0000 0000 0000 0000 
71, 0, 0.0, 1111 1110 1111 1110 
71, 1, 0.001, 1000 0001 1000 0001 
71, 20, 0.02, 1000 0001 0000 0001 
71, 241, 0.241, 1111 1110 0111 1110 
71, 941, 0.941, 1111 1110 1111 1110 
71, 2363, 2.363, 0000 0000 0000 0000 
71, 10555, 10.555, 1111 1110 0111 1110 
71, 10725, 10.725, 0000 0000 0000 0000 
71, 14821, 14.821, 1111 1110 0111 1110 
71, 15192, 15.192, 0000 0000 0000 0000 
71, 23384, 23.384, 1111 1110 0111 1110 
71, 24945, 24.945, 0000 0000 0000 0000 
71, 37233, 37.233, 1111 1110 0111 1110 
71, 37990, 37.99, 0000 0000 0000 0000 
71, 46182, 46.182, 1111 1110 0111 1110 
71, 50780, 50.78, 0000 0000 0000 0000 
71, 58972, 58.972, 1111 1110 0111 1110 
71, 63342, 63.342, 0000 0000 0000 0000 
71, 71534, 71.534, 1111 1110 0111 1110 
71, 76222, 76.222, 0000 0000 0000 0000 
71, 80318, 80.318, 1111 1110 0111 1110 
71, 84305, 84.305, 0000 0000 0000 0000 
71, 88401, 88.401, 1111 1110 0111 1110 
71, 164840, 164.84, 0111 1110 0111 1110 
71, 165075, 165.075, 1111 1110 0111 1110 
71, 165276, 165.276, 0000 0000 0000 0000 
72, 0, 0.0, 0111 1110 1111 1110 
72, 4096, 4.096, 0000 0000 0000 0000 
72, 11489, 11.489, 0111 1110 1111 1110 
72, 16672, 16.672, 0000 0000 0000 0000 
72, 33056, 33.056, 0111 1110 1111 1110 
72, 33615, 33.615, 0000 0000 0000 0000 
72, 37711, 37.711, 0111 1110 1111 1110 
72, 57469, 57.469, 0000 0000 0000 0000 
72, 65661, 65.661, 0111 1110 1111 1110 
72, 70670, 70.67, 0000 0000 0000 0000 
72, 87054, 87.054, 0111 1110 1111 1110 
72, 381292, 381.292, 1111 1110 1111 1110 
72, 381589, 381.589, 0111 1110 1111 1110 
72, 381914, 381.914, 0000 0000 0000 0000 
73, 0, 0.0, 1111 1110 0111 1110 
73, 891, 0.891, 1000 0001 0000 0001 
73, 3768, 3.768, 1111 1110 0111 1110 
73, 4096, 4.096, 0000 0000 0000 0000 
73, 9551, 9.551, 1111 1110 0111 1110 
73, 26022, 26.022, 0000 0000 0000 0000 
73, 30118, 30.118, 1111 1110 0111 1110 
73, 62031, 62.031, 0000 0000 0000 0000 
73, 74319, 74.319, 1111 1110 0111 1110 
73, 74523, 74.523, 0000 0000 0000 0000 
73, 82715, 82.715, 1111 1110 0111 1110 
73, 95534, 95.534, 0000 0000 0000 0000 
74, 0, 0.0, 0111 1110 0111 1110 
74, 1, 0.001, 0000 0001 0000 0001 
74, 20, 0.02, 0000 0001 1000 0001 
74, 126, 0.126, 0111 1110 1111 1110 
74, 463, 0.463, 1111 1110 0111 1110 
74, 780, 0.78, 0111 1110 1111 1110 
74, 1535, 1.535, 1111 1110 0111 1110 
74, 1826, 1.826, 0111 1110 1111 1110 
74, 2697, 2.697, 1111 1110 0111 1110 
74, 2933, 2.933, 0111 1110 1111 1110 
74, 3639, 3.639, 0111 1110 0111 1110 
74, 4022, 4.022, 0111 1110 1111 1110 
74, 23899, 23.899, 0000 0000 0000 0000 
74, 27995, 27.995, 0111 1110 1111 1110 
74, 28129, 28.129, 0000 0000 0000 0000 
74, 32225, 32.225, 0111 1110 1111 1110 
74, 32809, 32.809, 0000 0000 0000 0000 
74, 45097, 45.097, 0111 1110 1111 1110 
74, 55891, 55.891, 0000 0000 0000 0000 
74, 59987, 59.987, 0111 1110 1111 1110 
74, 62129, 62.129, 0000 0000 0000 0000 
74, 66225, 66.225, 0111 1110 1111 1110 
74, 73592, 73.592, 0000 0000 0000 0000 
74, 89976, 89.976, 1111 1110 1111 1110 
74, 90207, 90.207, 0000 0000 0000 0000 
75, 0, 0.0, 1111 1110 1111 1110 
75, 1, 0.001, 1000 0001 1000 0001 
75, 32, 0.032, 1000 0001 0000 0001 
75, 198, 0.198, 1111 1110 0111 1110 
75, 889, 0.889, 1111 1110 1111 1110 
75, 1217, 1.217, 1111 1110 0111 1110 
75, 2080, 2.08, 1111 1110 1111 1110 
75, 2382, 2.382, 1111 1110 0111 1110 
75, 3100, 3.1, 1111 1110 1111 1110 
75, 3502, 3.502, 1111 1110 0111 1110 
75, 14790, 14.79, 0000 0000 0000 0000 
75, 31174, 31.174, 1111 1110 0111 1110 
75, 31185, 31.185, 0000 0000 0000 0000 
75, 35281, 35.281, 1111 1110 0111 1110 
75, 36662, 36.662, 0000 0000 0000 0000 
75, 40758, 40.758, 1111 1110 0111 1110 
75, 43195, 43.195, 0000 0000 0000 0000 
75, 51387, 51.387, 1111 1110 0111 1110 
75, 54541, 54.541, 0000 0000 0000 0000 
75, 66829, 66.829, 0111 1110 0111 1110 
75, 67563, 67.563, 1111 1110 0111 1110 
75, 67851, 67.851, 0000 0000 0000 0000 
76, 0, 0.0, 0111 1110 0111 1110 
76, 1, 0.001, 0000 0001 0000 0001 
76, 20, 0.02, 0000 0001 1000 0001 
76, 241, 0.241, 0111 1110 1111 1110 
76, 684, 0.684, 0111 1110 0111 1110 
76, 1175, 1.175, 0111 1110 1111 1110 
76, 2139, 2.139, 0111 1110 0111 1110 
76, 2430, 2.43, 0111 1110 1111 1110 
76, 8966, 8.966, 0000 0000 0000 0000 
76, 21254, 21.254, 0111 1110 1111 1110 
76, 24537, 24.537, 0000 0000 0000 0000 
76, 32729, 32.729, 0111 1110 1111 1110 
76, 34051, 34.051, 0000 0000 0000 0000 
76, 42243, 42.243, 0111 1110 1111 1110 
76, 43594, 43.594, 0000 0000 0000 0000 
76, 47690, 47.69, 0111 1110 1111 1110 
76, 51414, 51.414, 0000 0000 0000 0000 
76, 63702, 63.702, 1111 1110 1111 1110 
76, 65398, 65.398, 0111 1110 1111 1110 
76, 66871, 66.871, 0000 0000 0000 0000 
77, 0, 0.0, 1111 1110 1111 1110 
77, 1, 0.001, 1000 0001 1000 0001 
77, 20, 0.02, 1000 0001 0000 0001 
77, 156, 0.156, 1111 1110 0111 1110 
77, 1379, 1.379, 1111 1110 1111 1110 
77, 1786, 1.786, 1111 1110 0111 1110 
77, 2758, 2.758, 1111 1110 1111 1110 
77, 2996, 2.996, 1111 1110 0111 1110 
77, 3987, 3.987, 1111 1110 1111 1110 
77, 4097, 4.097, 1000 0001 1000 0001 
77, 4116, 4.116, 1000 0001 0000 0001 
77, 4252, 4.252, 1111 1110 0111 1110 
77, 29325, 29.325, 0000 0000 0000 0000 
77, 37517, 37.517, 1111 1110 0111 1110 
77, 44748, 44.748, 0000 0000 0000 0000 
77, 48844, 48.844, 1111 1110 0111 1110 
77, 78433, 78.433, 0000 0000 0000 0000 
78, 0, 0.0, 0111 1110 0111 1110 
78, 1, 0.001, 0000 0001 0000 0001 
78, 20, 0.02, 0000 0001 1000 0001 
78, 163, 0.163, 0111 1110 1111 1110 
78, 691, 0.691, 0111 1110 0111 1110 
78, 1034, 1.034, 0111 1110 1111 1110 
78, 2140, 2.14, 1111 1110 0111 1110 
78, 2413, 2.413, 0111 1110 1111 1110 
78, 3192, 3.192, 0111 1110 0111 1110 
78, 3467, 3.467, 0111 1110 1111 1110 
78, 13464, 13.464, 0000 0000 0000 0000 
78, 17560, 17.56, 0111 1110 1111 1110 
78, 20536, 20.536, 0000 0000 0000 0000 
78, 28728, 28.728, 0111 1110 1111 1110 
78, 35796, 35.796, 0000 0000 0000 0000 
78, 56276, 56.276, 0111 1110 1111 1110 
78, 60651, 60.651, 0000 0000 0000 0000 
78, 68843, 68.843, 1111 1110 1111 1110 
78, 71560, 71.56, 0000 0000 0000 0000 
79, 0, 0.0, 1111 1110 0111 1110 
79, 4096, 4.096, 0000 0000 0000 0000 
79, 27562, 27.562, 1111 1110 0111 1110 
79, 27567, 27.567, 0000 0000 0000 0000 
80, 0, 0.0, 0111 1110 0111 1110 
80, 1, 0.001, 0000 0001 0000 0001 
80, 19, 0.019, 0000 0001 1000 0001 
80, 566, 0.566, 0111 1110 1111 1110 
80, 2245, 2.245, 1111 1110 0111 1110 
80, 2562, 2.562, 0000 0000 0000 0000 
80, 10754, 10.754, 0111 1110 1111 1110 
80, 14091, 14.091, 0000 0000 0000 0000 
80, 26379, 26.379, 0111 1110 1111 1110 
80, 39469, 39.469, 0000 0000 0000 0000 
80, 43565, 43.565, 0111 1110 1111 1110 
80, 48873, 48.873, 0000 0000 0000 0000 
80, 69353, 69.353, 0111 1110 1111 1110 
80, 71187, 71.187, 0000 0000 0000 0000 
80, 75283, 75.283, 0111 1110 1111 1110 
80, 77997, 77.997, 0000 0000 0000 0000 
80, 90285, 90.285, 0111 1110 1111 1110 
80, 93296, 93.296, 0000 0000 0000 0000 
81, 0, 0.0, 1111 1110 1111 1110 
81, 1, 0.001, 1000 0001 1000 0001 
81, 19, 0.019, 1000 0001 0000 0001 
81, 267, 0.267, 1111 1110 0111 1110 
81, 959, 0.959, 1111 1110 1111 1110 
81, 1282, 1.282, 1111 1110 0111 1110 
81, 2104, 2.104, 1111 1110 1111 1110 
81, 2591, 2.591, 1111 1110 0111 1110 
81, 3527, 3.527, 1111 1110 1111 1110 
81, 3749, 3.749, 1111 1110 0111 1110 
81, 16761, 16.761, 0000 0000 0000 0000 
81, 37241, 37.241, 1111 1110 0111 1110 
81, 38949, 38.949, 0000 0000 0000 0000 
81, 47141, 47.141, 1111 1110 0111 1110 
81, 49344, 49.344, 0000 0000 0000 0000 
81, 57536, 57.536, 1111 1110 0111 1110 
81, 58175, 58.175, 0000 0000 0000 0000 
81, 70463, 70.463, 1111 1110 0111 1110 
81, 72926, 72.926, 0000 0000 0000 0000 
82, 0, 0.0, 0111 1110 0111 1110 
82, 1, 0.001, 0000 0001 0000 0001 
82, 20, 0.02, 0000 0001 1000 0001 
82, 733, 0.733, 0111 1110 1111 1110 
82, 1258, 1.258, 0111 1110 0111 1110 
82, 1638, 1.638, 0111 1110 1111 1110 
82, 2712, 2.712, 0111 1110 0111 1110 
82, 3032, 3.032, 0111 1110 1111 1110 
82, 4163, 4.163, 0000 0001 1000 0001 
82, 4776, 4.776, 0111 1110 1111 1110 
82, 22322, 22.322, 0000 0000 0000 0000 
82, 26418, 26.418, 0111 1110 1111 1110 
82, 26989, 26.989, 0000 0000 0000 0000 
82, 31085, 31.085, 0111 1110 1111 1110 
82, 35074, 35.074, 0000 0000 0000 0000 
82, 51458, 51.458, 0111 1110 1111 1110 
82, 54411, 54.411, 0000 0000 0000 0000 
82, 58507, 58.507, 0111 1110 1111 1110 
82, 61362, 61.362, 0000 0000 0000 0000 
82, 65458, 65.458, 0111 1110 1111 1110 
82, 67892, 67.892, 0000 0000 0000 0000 
82, 84276, 84.276, 0111 1110 1111 1110 
82, 85691, 85.691, 0000 0000 0000 0000 
82, 102075, 102.075, 0111 1110 1111 1110 
82, 180880, 180.88, 0000 0000 0000 0000 
83, 0, 0.0, 1111 1110 1111 1110 
83, 1, 0.001, 1000 0001 1000 0001 
83, 20, 0.02, 1000 0001 0000 0001 
83, 186, 0.186, 1111 1110 0111 1110 
83, 713, 0.713, 1111 1110 1111 1110 
83, 4096, 4.096, 0000 0000 0000 0000 
83, 11448, 11.448, 1111 1110 0111 1110 
83, 19194, 19.194, 0000 0000 0000 0000 
83, 31482, 31.482, 1111 1110 0111 1110 
83, 32357, 32.357, 0000 0000 0000 0000 
83, 44645, 44.645, 1111 1110 0111 1110 
83, 46131, 46.131, 0000 0000 0000 0000 
84, 0, 0.0, 0111 1110 0111 1110 
84, 1, 0.001, 0000 0001 0000 0001 
84, 20, 0.02, 0000 0001 1000 0001 
84, 301, 0.301, 0111 1110 1111 1110 
84, 747, 0.747, 0111 1110 0111 1110 
84, 1154, 1.154, 0111 1110 1111 1110 
84, 2604, 2.604, 0111 1110 0111 1110 
84, 3056, 3.056, 0111 1110 1111 1110 
84, 3996, 3.996, 0111 1110 0111 1110 
84, 4097, 4.097, 0000 0001 0000 0001 
84, 4116, 4.116, 0000 0001 1000 0001 
84, 4397, 4.397, 0111 1110 1111 1110 
84, 28864, 28.864, 0000 0000 0000 0000 
84, 37056, 37.056, 0111 1110 1111 1110 
84, 39953, 39.953, 0000 0000 0000 0000 
84, 48145, 48.145, 0111 1110 1111 1110 
84, 51261, 51.261, 0000 0000 0000 0000 
84, 63549, 63.549, 0111 1110 1111 1110 
84, 67502, 67.502, 0000 0000 0000 0000 
84, 71598, 71.598, 0111 1110 1111 1110 
84, 73467, 73.467, 0000 0000 0000 0000 
85, 0, 0.0, 1111 1110 1111 1110 
85, 1, 0.001, 1000 0001 1000 0001 
85, 20, 0.02, 1000 0001 0000 0001 
85, 213, 0.213, 1111 1110 0111 1110 
85, 953, 0.953, 1111 1110 1111 1110 
85, 1314, 1.314, 1111 1110 0111 1110 
85, 2283, 2.283, 1111 1110 1111 1110 
85, 2786, 2.786, 1111 1110 0111 1110 
85, 3598, 3.598, 1111 1110 1111 1110 
85, 3969, 3.969, 1111 1110 0111 1110 
85, 17784, 17.784, 0000 0000 0000 0000 
85, 21880, 21.88, 1111 1110 0111 1110 
85, 23297, 23.297, 0000 0000 0000 0000 
85, 35585, 35.585, 1111 1110 0111 1110 
85, 76680, 76.68, 0000 0000 0000 0000 
85, 88968, 88.968, 1111 1110 0111 1110 
85, 100154, 100.154, 0000 0000 0000 0000 
85, 104250, 104.25, 1111 1110 0111 1110 
85, 114010, 114.01, 0000 0000 0000 0000 
85, 122202, 122.202, 1111 1110 0111 1110 
85, 178281, 178.281, 0111 1110 0111 1110 
85, 178621, 178.621, 1111 1110 0111 1110 
85, 178803, 178.803, 0000 0000 0000 0000 
86, 0, 0.0, 0111 1110 0111 1110 
86, 1, 0.001, 0000 0001 0000 0001 
86, 28, 0.028, 0000 0001 1000 0001 
86, 253, 0.253, 0111 1110 1111 1110 
86, 760, 0.76, 0111 1110 0111 1110 
86, 1377, 1.377, 0000 0000 0000 0000 
86, 5473, 5.473, 0111 1110 1111 1110 
86, 9451, 9.451, 0000 0000 0000 0000 
86, 13547, 13.547, 0111 1110 1111 1110 
86, 15533, 15.533, 0000 0000 0000 0000 
87, 0, 0.0, 1111 1110 1111 1110 
87, 1, 0.001, 1000 0001 1000 0001 
87, 20, 0.02, 1000 0001 0000 0001 
87, 1705, 1.705, 1111 1110 0111 1110 
87, 4053, 4.053, 1111 1110 1111 1110 
87, 4096, 4.096, 0000 0000 0000 0000 
87, 8542, 8.542, 1111 1110 0111 1110 
87, 33622, 33.622, 0000 0000 0000 0000 
87, 37718, 37.718, 1111 1110 0111 1110 
87, 41340, 41.34, 0000 0000 0000 0000 
87, 49532, 49.532, 1111 1110 0111 1110 
87, 52238, 52.238, 0000 0000 0000 0000 
87, 72718, 72.718, 1111 1110 0111 1110 
87, 75062, 75.062, 0000 0000 0000 0000 
87, 99638, 99.638, 0111 1110 0111 1110 
87, 100199, 100.199, 0000 0000 0000 0000 
88, 0, 0.0, 0111 1110 0111 1110 
88, 1, 0.001, 0000 0001 0000 0001 
88, 20, 0.02, 0000 0001 1000 0001 
88, 950, 0.95, 0111 1110 1111 1110 
88, 1501, 1.501, 0111 1110 0111 1110 
88, 1849, 1.849, 0111 1110 1111 1110 
88, 4421, 4.421, 0000 0001 1000 0001 
88, 4828, 4.828, 0111 1110 1111 1110 
88, 6246, 6.246, 0000 0000 0000 0000 
88, 22630, 22.63, 0111 1110 1111 1110 
88, 25873, 25.873, 0000 0000 0000 0000 
88, 34065, 34.065, 0111 1110 1111 1110 
88, 34758, 34.758, 0000 0000 0000 0000 
88, 38854, 38.854, 0111 1110 1111 1110 
88, 40621, 40.621, 0000 0000 0000 0000 
88, 44717, 44.717, 0111 1110 1111 1110 
88, 50776, 50.776, 0000 0000 0000 0000 
89, 0, 0.0, 1111 1110 1111 1110 
89, 1, 0.001, 1000 0001 1000 0001 
89, 20, 0.02, 1000 0001 0000 0001 
89, 211, 0.211, 1111 1110 0111 1110 
89, 1553, 1.553, 1111 1110 1111 1110 
89, 2005, 2.005, 0000 0000 0000 0000 
89, 10197, 10.197, 1111 1110 0111 1110 
89, 17853, 17.853, 0000 0000 0000 0000 
89, 26045, 26.045, 1111 1110 0111 1110 
89, 26427, 26.427, 0000 0000 0000 0000 
89, 30523, 30.523, 1111 1110 0111 1110 
89, 31538, 31.538, 0000 0000 0000 0000 
89, 39730, 39.73, 1111 1110 0111 1110 
89, 43368, 43.368, 0000 0000 0000 0000 
89, 47464, 47.464, 1111 1110 0111 1110 
89, 50921, 50.921, 0000 0000 0000 0000 
89, 55017, 55.017, 1111 1110 0111 1110 
89, 58128, 58.128, 0000 0000 0000 0000 
89, 62224, 62.224, 1111 1110 0111 1110 
89, 67254, 67.254, 0111 1110 0111 1110 
89, 67875, 67.875, 1111 1110 0111 1110 
89, 68193, 68.193, 0000 0000 0000 0000 
90, 0, 0.0, 0111 1110 0111 1110 
90, 1, 0.001, 0000 0001 0000 0001 
90, 20, 0.02, 0000 0001 1000 0001 
90, 222, 0.222, 0111 1110 1111 1110 
90, 1201, 1.201, 0111 1110 0111 1110 
90, 1466, 1.466, 1111 1110 0111 1110 
90, 1539, 1.539, 0111 1110 1111 1110 
90, 2633, 2.633, 0111 1110 0111 1110 
90, 2928, 2.928, 0111 1110 1111 1110 
90, 3880, 3.88, 0111 1110 0111 1110 
90, 4097, 4.097, 0000 0001 0000 0001 
90, 4116, 4.116, 0000 0001 1000 0001 
90, 4318, 4.318, 0111 1110 1111 1110 
90, 12990, 12.99, 0000 0000 0000 0000 
90, 21182, 21.182, 0111 1110 1111 1110 
90, 21645, 21.645, 0000 0000 0000 0000 
90, 29837, 29.837, 0111 1110 1111 1110 
90, 33004, 33.004, 0000 0000 0000 0000 
90, 45292, 45.292, 0111 1110 1111 1110 
90, 45621, 45.621, 0000 0000 0000 0000 
90, 49717, 49.717, 0111 1110 1111 1110 
90, 53541, 53.541, 0000 0000 0000 0000 
90, 57637, 57.637, 0111 1110 1111 1110 
90, 59447, 59.447, 0000 0000 0000 0000 
91, 0, 0.0, 1111 1110 1111 1110 
91, 1, 0.001, 1000 0001 1000 0001 
91, 19, 0.019, 1000 0001 0000 0001 
91, 156, 0.156, 1111 1110 0111 1110 
91, 539, 0.539, 0111 1110 1111 1110 
91, 3361, 3.361, 1111 1110 1111 1110 
91, 4096, 4.096, 0000 0000 0000 0000 
91, 4951, 4.951, 1111 1110 0111 1110 
91, 22562, 22.562, 0000 0000 0000 0000 
91, 26658, 26.658, 1111 1110 0111 1110 
91, 29566, 29.566, 0000 0000 0000 0000 
91, 37758, 37.758, 1111 1110 0111 1110 
91, 41055, 41.055, 0000 0000 0000 0000 
91, 45151, 45.151, 1111 1110 0111 1110 
91, 49037, 49.037, 0000 0000 0000 0000 
91, 61325, 61.325, 1111 1110 0111 1110 
91, 69737, 69.737, 0000 0000 0000 0000 
92, 0, 0.0, 0111 1110 0111 1110 
92, 1, 0.001, 0000 0001 0000 0001 
92, 20, 0.02, 0000 0001 1000 0001 
92, 137, 0.137, 0111 1110 1111 1110 
92, 614, 0.614, 0111 1110 0111 1110 
92, 1000, 1.0, 0111 1110 1111 1110 
92, 1961, 1.961, 0111 1110 0111 1110 
92, 2525, 2.525, 0111 1110 1111 1110 
92, 3514, 3.514, 0111 1110 0111 1110 
92, 3736, 3.736, 0111 1110 1111 1110 
92, 17360, 17.36, 0000 0000 0000 0000 
92, 21456, 21.456, 0111 1110 1111 1110 
92, 21858, 21.858, 0000 0000 0000 0000 
92, 34146, 34.146, 0111 1110 1111 1110 
92, 34276, 34.276, 0000 0000 0000 0000 
92, 38372, 38.372, 0111 1110 1111 1110 
92, 42285, 42.285, 0000 0000 0000 0000 
92, 46381, 46.381, 0111 1110 1111 1110 
92, 48998, 48.998, 0000 0000 0000 0000 
92, 57190, 57.19, 0111 1110 1111 1110 
92, 62853, 62.853, 0000 0000 0000 0000 
92, 66949, 66.949, 0111 1110 1111 1110 
92, 69512, 69.512, 0000 0000 0000 0000 
93, 0, 0.0, 1111 1110 1111 1110 
93, 1, 0.001, 1000 0001 1000 0001 
93, 20, 0.02, 1000 0001 0000 0001 
93, 167, 0.167, 1111 1110 0111 1110 
93, 658, 0.658, 1111 1110 1111 1110 
93, 1005, 1.005, 1111 1110 0111 1110 
93, 1930, 1.93, 1111 1110 1111 1110 
93, 2237, 2.237, 1111 1110 0111 1110 
93, 3096, 3.096, 1111 1110 1111 1110 
93, 3296, 3.296, 1111 1110 0111 1110 
93, 4151, 4.151, 1000 0001 0000 0001 
93, 4263, 4.263, 1111 1110 0111 1110 
93, 31243, 31.243, 0000 0000 0000 0000 
93, 35339, 35.339, 1111 1110 0111 1110 
93, 37498, 37.498, 0000 0000 0000 0000 
93, 41594, 41.594, 1111 1110 0111 1110 
93, 43126, 43.126, 0000 0000 0000 0000 
93, 55414, 55.414, 1111 1110 0111 1110 
93, 55936, 55.936, 0000 0000 0000 0000 
93, 64128, 64.128, 1111 1110 0111 1110 
93, 65285, 65.285, 0000 0000 0000 0000 
94, 0, 0.0, 0000 0001 0000 0001 
94, 19, 0.019, 0000 0001 1000 0001 
94, 223, 0.223, 0111 1110 1111 1110 
94, 1358, 1.358, 0111 1110 0111 1110 
94, 1751, 1.751, 0111 1110 1111 1110 
94, 2684, 2.684, 0111 1110 0111 1110 
94, 2963, 2.963, 0111 1110 1111 1110 
94, 3781, 3.781, 0111 1110 0111 1110 
94, 4096, 4.096, 0000 0001 0000 0001 
94, 4115, 4.115, 0000 0001 1000 0001 
94, 4210, 4.21, 0111 1110 1111 1110 
94, 27479, 27.479, 0000 0000 0000 0000 
94, 31575, 31.575, 0111 1110 1111 1110 
94, 36428, 36.428, 0000 0000 0000 0000 
94, 40524, 40.524, 0111 1110 1111 1110 
94, 43651, 43.651, 0000 0000 0000 0000 
94, 47747, 47.747, 0111 1110 1111 1110 
94, 48372, 48.372, 0000 0000 0000 0000 
94, 64756, 64.756, 0111 1110 1111 1110 
94, 67795, 67.795, 0000 0000 0000 0000 
94, 71891, 71.891, 0111 1110 1111 1110 
94, 73546, 73.546, 0000 0000 0000 0000 
94, 89930, 89.93, 1111 1110 1111 1110 
94, 90270, 90.27, 0111 1110 1111 1110 
94, 92440, 92.44, 0000 0000 0000 0000 
95, 0, 0.0, 1111 1110 0111 1110 
95, 4096, 4.096, 0000 0000 0000 0000 
95, 13049, 13.049, 1111 1110 0111 1110 
95, 18838, 18.838, 0000 0000 0000 0000 
95, 27030, 27.03, 1111 1110 0111 1110 
95, 28758, 28.758, 0000 0000 0000 0000 
95, 41046, 41.046, 1111 1110 0111 1110 
95, 42310, 42.31, 0000 0000 0000 0000 
95, 46406, 46.406, 1111 1110 0111 1110 
95, 50294, 50.294, 0000 0000 0000 0000 
95, 58486, 58.486, 1111 1110 0111 1110 
95, 61968, 61.968, 0000 0000 0000 0000 
95, 66064, 66.064, 1111 1110 0111 1110 
95, 69063, 69.063, 0000 0000 0000 0000 
95, 73159, 73.159, 1111 1110 0111 1110 
95, 265073, 265.073, 0111 1110 0111 1110 
95, 265402, 265.402, 1111 1110 0111 1110 
95, 265579, 265.579, 0000 0000 0000 0000 
96, 0, 0.0, 0111 1110 0111 1110 
96, 1, 0.001, 0000 0001 0000 0001 
96, 20, 0.02, 0000 0001 1000 0001 
96, 295, 0.295, 0111 1110 1111 1110 
96, 1282, 1.282, 0111 1110 0111 1110 
96, 4096, 4.096, 0000 0000 0000 0000 
96, 20819, 20.819, 0111 1110 1111 1110 
96, 23358, 23.358, 1111 1110 1111 1110 
96, 23649, 23.649, 0111 1110 1111 1110 
96, 24336, 24.336, 0000 0000 0000 0000 
97, 0, 0.0, 1111 1110 0111 1110 
97, 618, 0.618, 1000 0001 0000 0001 
97, 2105, 2.105, 1111 1110 0111 1110 
97, 4096, 4.096, 0000 0000 0000 0000 
97, 14200, 14.2, 1111 1110 0111 1110 
97, 20896, 20.896, 0000 0000 0000 0000 
97, 29088, 29.088, 1111 1110 0111 1110 
97, 36666, 36.666, 0000 0000 0000 0000 
97, 44858, 44.858, 1111 1110 0111 1110 
97, 48476, 48.476, 0000 0000 0000 0000 
97, 56668, 56.668, 1111 1110 0111 1110 
97, 60364, 60.364, 0000 0000 0000 0000 
97, 64460, 64.46, 1111 1110 0111 1110 
97, 67356, 67.356, 0000 0000 0000 0000 
97, 75548, 75.548, 1111 1110 0111 1110 
97, 76221, 76.221, 0000 0000 0000 0000 
98, 0, 0.0, 0111 1110 0111 1110 
98, 1, 0.001, 0000 0001 0000 0001 
98, 20, 0.02, 0000 0001 1000 0001 
98, 133, 0.133, 0111 1110 1111 1110 
98, 1450, 1.45, 0111 1110 0111 1110 
98, 1749, 1.749, 0111 1110 1111 1110 
98, 2640, 2.64, 0111 1110 0111 1110 
98, 2881, 2.881, 0111 1110 1111 1110 
98, 3625, 3.625, 0111 1110 0111 1110 
98, 3951, 3.951, 0111 1110 1111 1110 
98, 8291, 8.291, 0000 0000 0000 0000 
98, 12387, 12.387, 0111 1110 1111 1110 
98, 14848, 14.848, 0000 0000 0000 0000 
98, 18944, 18.944, 0111 1110 1111 1110 
98, 20111, 20.111, 0000 0000 0000 0000 
98, 24207, 24.207, 0111 1110 1111 1110 
98, 25754, 25.754, 0000 0000 0000 0000 
98, 29850, 29.85, 0111 1110 1111 1110 
98, 32281, 32.281, 0000 0000 0000 0000 
98, 44569, 44.569, 0111 1110 1111 1110 
98, 47779, 47.779, 0000 0000 0000 0000 
98, 55971, 55.971, 0111 1110 1111 1110 
98, 60691, 60.691, 1111 1110 1111 1110 
98, 60969, 60.969, 0111 1110 1111 1110 
98, 61742, 61.742, 0000 0000 0000 0000 
99, 0, 0.0, 1111 1110 0111 1110 
99, 695, 0.695, 1000 0001 0000 0001 
99, 2036, 2.036, 1111 1110 0111 1110 
99, 4096, 4.096, 0000 0000 0000 0000 
99, 5459, 5.459, 1111 1110 0111 1110 
99, 21413, 21.413, 0000 0000 0000 0000 
99, 25509, 25.509, 1111 1110 0111 1110 
99, 27502, 27.502, 0000 0000 0000 0000 
99, 31598, 31.598, 1111 1110 0111 1110 
99, 37277, 37.277, 0000 0000 0000 0000 
99, 45469, 45.469, 1111 1110 0111 1110 
99, 48592, 48.592, 0000 0000 0000 0000 
99, 60880, 60.88, 1111 1110 0111 1110 
99, 64411, 64.411, 0000 0000 0000 0000 
99, 93083, 93.083, 0111 1110 0111 1110 
99, 93767, 93.767, 0000 0000 0000 0000 
100, 0, 0.0, 0111 1110 0111 1110 
100, 1, 0.001, 0000 0001 0000 0001 
100, 20, 0.02, 0000 0001 1000 0001 
100, 162, 0.162, 0111 1110 1111 1110 
100, 570, 0.57, 0111 1110 0111 1110 
100, 4096, 4.096, 0000 0000 0000 0000 
100, 11456, 11.456, 0111 1110 1111 1110 
100, 15130, 15.13, 0000 0000 0000 0000 
100, 23322, 23.322, 0111 1110 1111 1110 
100, 23812, 23.812, 0000 0000 0000 0000 
100, 32004, 32.004, 0111 1110 1111 1110 
100, 35354, 35.354, 0000 0000 0000 0000 
